dataset_id,scope,window_days,method,k,mean_historical_network_density,candidate_count,future_observed_positive_pairs,future_positive_pairs_in_candidate_pool,future_positive_pairs_outside_candidate_pool,observed_positive_hits_at_k,unknown_candidate_count,actual_k,eligible_prediction_times,nonempty_candidate_times,times_with_positive_pool,observed_positive_capture_at_k,observed_positive_capture_all_at_k,candidate_reach_of_observed_positives,evidence_status,analysis_type,disclosure_status
highschool2013,per_window,1,common_neighbors,5,0.04908056908483299,4831,4401,2068,2333,7,2763,10,2,2,2,0.0033849129593810446,0.0015905476028175414,0.4698932060895251,descriptive_only_insufficient_times,Observed Positive Retrieval,aggregate_only
highschool2013,per_window,1,common_neighbors,10,0.04908056908483299,4831,4401,2068,2333,11,2763,20,2,2,2,0.005319148936170213,0.002499431947284708,0.4698932060895251,descriptive_only_insufficient_times,Observed Positive Retrieval,aggregate_only
highschool2013,per_window,1,common_neighbors,20,0.04908056908483299,4831,4401,2068,2333,21,2763,40,2,2,2,0.010154738878143133,0.004771642808452625,0.4698932060895251,descriptive_only_insufficient_times,Observed Positive Retrieval,aggregate_only
highschool2013,per_window,1,historical_frequency,5,0.04908056908483299,4831,4401,2068,2333,10,2763,10,2,2,2,0.004835589941972921,0.0022722108611679163,0.4698932060895251,descriptive_only_insufficient_times,Observed Positive Retrieval,aggregate_only
highschool2013,per_window,1,historical_frequency,10,0.04908056908483299,4831,4401,2068,2333,18,2763,20,2,2,2,0.008704061895551257,0.00408997955010225,0.4698932060895251,descriptive_only_insufficient_times,Observed Positive Retrieval,aggregate_only
highschool2013,per_window,1,historical_frequency,20,0.04908056908483299,4831,4401,2068,2333,37,2763,40,2,2,2,0.017891682785299807,0.00840718018632129,0.4698932060895251,descriptive_only_insufficient_times,Observed Positive Retrieval,aggregate_only
highschool2013,per_window,1,last_contact_recency,5,0.04908056908483299,4831,4401,2068,2333,10,2763,10,2,2,2,0.004835589941972921,0.0022722108611679163,0.4698932060895251,descriptive_only_insufficient_times,Observed Positive Retrieval,aggregate_only
highschool2013,per_window,1,last_contact_recency,10,0.04908056908483299,4831,4401,2068,2333,20,2763,20,2,2,2,0.009671179883945842,0.0045444217223358325,0.4698932060895251,descriptive_only_insufficient_times,Observed Positive Retrieval,aggregate_only
highschool2013,per_window,1,last_contact_recency,20,0.04908056908483299,4831,4401,2068,2333,40,2763,40,2,2,2,0.019342359767891684,0.009088843444671665,0.4698932060895251,descriptive_only_insufficient_times,Observed Positive Retrieval,aggregate_only
workplace2013,common_7d,1,common_neighbors,5,0.06569878654468493,458,469,147,322,6,311,15,3,3,3,0.04081632653061224,0.01279317697228145,0.31343283582089554,descriptive_only,Observed Positive Retrieval,aggregate_only
workplace2013,common_7d,1,common_neighbors,10,0.06569878654468493,458,469,147,322,18,311,30,3,3,3,0.12244897959183673,0.03837953091684435,0.31343283582089554,descriptive_only,Observed Positive Retrieval,aggregate_only
workplace2013,common_7d,1,common_neighbors,20,0.06569878654468493,458,469,147,322,35,311,60,3,3,3,0.23809523809523808,0.07462686567164178,0.31343283582089554,descriptive_only,Observed Positive Retrieval,aggregate_only
workplace2013,common_7d,1,historical_frequency,5,0.06569878654468493,458,469,147,322,6,311,15,3,3,3,0.04081632653061224,0.01279317697228145,0.31343283582089554,descriptive_only,Observed Positive Retrieval,aggregate_only
workplace2013,common_7d,1,historical_frequency,10,0.06569878654468493,458,469,147,322,15,311,30,3,3,3,0.10204081632653061,0.031982942430703626,0.31343283582089554,descriptive_only,Observed Positive Retrieval,aggregate_only
workplace2013,common_7d,1,historical_frequency,20,0.06569878654468493,458,469,147,322,31,311,60,3,3,3,0.2108843537414966,0.06609808102345416,0.31343283582089554,descriptive_only,Observed Positive Retrieval,aggregate_only
workplace2013,common_7d,1,last_contact_recency,5,0.06569878654468493,458,469,147,322,9,311,15,3,3,3,0.061224489795918366,0.019189765458422176,0.31343283582089554,descriptive_only,Observed Positive Retrieval,aggregate_only
workplace2013,common_7d,1,last_contact_recency,10,0.06569878654468493,458,469,147,322,18,311,30,3,3,3,0.12244897959183673,0.03837953091684435,0.31343283582089554,descriptive_only,Observed Positive Retrieval,aggregate_only
workplace2013,common_7d,1,last_contact_recency,20,0.06569878654468493,458,469,147,322,31,311,60,3,3,3,0.2108843537414966,0.06609808102345416,0.31343283582089554,descriptive_only,Observed Positive Retrieval,aggregate_only
workplace2013,common_7d,3,common_neighbors,5,0.08392278676641178,458,469,147,322,6,311,15,3,3,3,0.04081632653061224,0.01279317697228145,0.31343283582089554,descriptive_only,Observed Positive Retrieval,aggregate_only
workplace2013,common_7d,3,common_neighbors,10,0.08392278676641178,458,469,147,322,16,311,30,3,3,3,0.10884353741496598,0.03411513859275053,0.31343283582089554,descriptive_only,Observed Positive Retrieval,aggregate_only
workplace2013,common_7d,3,common_neighbors,20,0.08392278676641178,458,469,147,322,31,311,60,3,3,3,0.2108843537414966,0.06609808102345416,0.31343283582089554,descriptive_only,Observed Positive Retrieval,aggregate_only
workplace2013,common_7d,3,historical_frequency,5,0.08392278676641178,458,469,147,322,7,311,15,3,3,3,0.047619047619047616,0.014925373134328358,0.31343283582089554,descriptive_only,Observed Positive Retrieval,aggregate_only
workplace2013,common_7d,3,historical_frequency,10,0.08392278676641178,458,469,147,322,19,311,30,3,3,3,0.1292517006802721,0.04051172707889126,0.31343283582089554,descriptive_only,Observed Positive Retrieval,aggregate_only
workplace2013,common_7d,3,historical_frequency,20,0.08392278676641178,458,469,147,322,34,311,60,3,3,3,0.23129251700680273,0.07249466950959488,0.31343283582089554,descriptive_only,Observed Positive Retrieval,aggregate_only
workplace2013,common_7d,3,last_contact_recency,5,0.08392278676641178,458,469,147,322,9,311,15,3,3,3,0.061224489795918366,0.019189765458422176,0.31343283582089554,descriptive_only,Observed Positive Retrieval,aggregate_only
workplace2013,common_7d,3,last_contact_recency,10,0.08392278676641178,458,469,147,322,18,311,30,3,3,3,0.12244897959183673,0.03837953091684435,0.31343283582089554,descriptive_only,Observed Positive Retrieval,aggregate_only
workplace2013,common_7d,3,last_contact_recency,20,0.08392278676641178,458,469,147,322,31,311,60,3,3,3,0.2108843537414966,0.06609808102345416,0.31343283582089554,descriptive_only,Observed Positive Retrieval,aggregate_only
workplace2013,common_7d,7,common_neighbors,5,0.1251879629333834,458,469,147,322,8,311,15,3,3,3,0.05442176870748299,0.017057569296375266,0.31343283582089554,descriptive_only,Observed Positive Retrieval,aggregate_only
workplace2013,common_7d,7,common_neighbors,10,0.1251879629333834,458,469,147,322,14,311,30,3,3,3,0.09523809523809523,0.029850746268656716,0.31343283582089554,descriptive_only,Observed Positive Retrieval,aggregate_only
workplace2013,common_7d,7,common_neighbors,20,0.1251879629333834,458,469,147,322,31,311,60,3,3,3,0.2108843537414966,0.06609808102345416,0.31343283582089554,descriptive_only,Observed Positive Retrieval,aggregate_only
workplace2013,common_7d,7,historical_frequency,5,0.1251879629333834,458,469,147,322,8,311,15,3,3,3,0.05442176870748299,0.017057569296375266,0.31343283582089554,descriptive_only,Observed Positive Retrieval,aggregate_only
workplace2013,common_7d,7,historical_frequency,10,0.1251879629333834,458,469,147,322,17,311,30,3,3,3,0.11564625850340136,0.03624733475479744,0.31343283582089554,descriptive_only,Observed Positive Retrieval,aggregate_only
workplace2013,common_7d,7,historical_frequency,20,0.1251879629333834,458,469,147,322,35,311,60,3,3,3,0.23809523809523808,0.07462686567164178,0.31343283582089554,descriptive_only,Observed Positive Retrieval,aggregate_only
workplace2013,common_7d,7,last_contact_recency,5,0.1251879629333834,458,469,147,322,9,311,15,3,3,3,0.061224489795918366,0.019189765458422176,0.31343283582089554,descriptive_only,Observed Positive Retrieval,aggregate_only
workplace2013,common_7d,7,last_contact_recency,10,0.1251879629333834,458,469,147,322,18,311,30,3,3,3,0.12244897959183673,0.03837953091684435,0.31343283582089554,descriptive_only,Observed Positive Retrieval,aggregate_only
workplace2013,common_7d,7,last_contact_recency,20,0.1251879629333834,458,469,147,322,31,311,60,3,3,3,0.2108843537414966,0.06609808102345416,0.31343283582089554,descriptive_only,Observed Positive Retrieval,aggregate_only
workplace2013,per_window,1,common_neighbors,5,0.05149014131713747,1022,1028,239,789,9,783,35,9,7,6,0.03765690376569038,0.008754863813229572,0.23249027237354086,descriptive_only,Observed Positive Retrieval,aggregate_only
workplace2013,per_window,1,common_neighbors,10,0.05149014131713747,1022,1028,239,789,22,783,70,9,7,6,0.09205020920502092,0.021400778210116732,0.23249027237354086,descriptive_only,Observed Positive Retrieval,aggregate_only
workplace2013,per_window,1,common_neighbors,20,0.05149014131713747,1022,1028,239,789,46,783,140,9,7,6,0.19246861924686193,0.04474708171206226,0.23249027237354086,descriptive_only,Observed Positive Retrieval,aggregate_only
workplace2013,per_window,1,historical_frequency,5,0.05149014131713747,1022,1028,239,789,15,783,35,9,7,6,0.06276150627615062,0.014591439688715954,0.23249027237354086,descriptive_only,Observed Positive Retrieval,aggregate_only
workplace2013,per_window,1,historical_frequency,10,0.05149014131713747,1022,1028,239,789,27,783,70,9,7,6,0.11297071129707113,0.026264591439688716,0.23249027237354086,descriptive_only,Observed Positive Retrieval,aggregate_only
workplace2013,per_window,1,historical_frequency,20,0.05149014131713747,1022,1028,239,789,50,783,140,9,7,6,0.20920502092050208,0.048638132295719845,0.23249027237354086,descriptive_only,Observed Positive Retrieval,aggregate_only
workplace2013,per_window,1,last_contact_recency,5,0.05149014131713747,1022,1028,239,789,14,783,35,9,7,6,0.058577405857740586,0.013618677042801557,0.23249027237354086,descriptive_only,Observed Positive Retrieval,aggregate_only
workplace2013,per_window,1,last_contact_recency,10,0.05149014131713747,1022,1028,239,789,25,783,70,9,7,6,0.10460251046025104,0.024319066147859923,0.23249027237354086,descriptive_only,Observed Positive Retrieval,aggregate_only
workplace2013,per_window,1,last_contact_recency,20,0.05149014131713747,1022,1028,239,789,47,783,140,9,7,6,0.19665271966527198,0.04571984435797665,0.23249027237354086,descriptive_only,Observed Positive Retrieval,aggregate_only
workplace2013,per_window,3,common_neighbors,5,0.06492983083860547,747,719,175,544,7,572,25,7,5,4,0.04,0.009735744089012517,0.24339360222531292,descriptive_only,Observed Positive Retrieval,aggregate_only
workplace2013,per_window,3,common_neighbors,10,0.06492983083860547,747,719,175,544,18,572,50,7,5,4,0.10285714285714286,0.025034770514603615,0.24339360222531292,descriptive_only,Observed Positive Retrieval,aggregate_only
workplace2013,per_window,3,common_neighbors,20,0.06492983083860547,747,719,175,544,36,572,100,7,5,4,0.2057142857142857,0.05006954102920723,0.24339360222531292,descriptive_only,Observed Positive Retrieval,aggregate_only
workplace2013,per_window,3,historical_frequency,5,0.06492983083860547,747,719,175,544,11,572,25,7,5,4,0.06285714285714286,0.015299026425591099,0.24339360222531292,descriptive_only,Observed Positive Retrieval,aggregate_only
workplace2013,per_window,3,historical_frequency,10,0.06492983083860547,747,719,175,544,25,572,50,7,5,4,0.14285714285714285,0.03477051460361613,0.24339360222531292,descriptive_only,Observed Positive Retrieval,aggregate_only
workplace2013,per_window,3,historical_frequency,20,0.06492983083860547,747,719,175,544,40,572,100,7,5,4,0.22857142857142856,0.055632823365785816,0.24339360222531292,descriptive_only,Observed Positive Retrieval,aggregate_only
workplace2013,per_window,3,last_contact_recency,5,0.06492983083860547,747,719,175,544,10,572,25,7,5,4,0.05714285714285714,0.013908205841446454,0.24339360222531292,descriptive_only,Observed Positive Retrieval,aggregate_only
workplace2013,per_window,3,last_contact_recency,10,0.06492983083860547,747,719,175,544,20,572,50,7,5,4,0.11428571428571428,0.027816411682892908,0.24339360222531292,descriptive_only,Observed Positive Retrieval,aggregate_only
workplace2013,per_window,3,last_contact_recency,20,0.06492983083860547,747,719,175,544,36,572,100,7,5,4,0.2057142857142857,0.05006954102920723,0.24339360222531292,descriptive_only,Observed Positive Retrieval,aggregate_only
workplace2013,per_window,7,common_neighbors,5,0.1251879629333834,458,469,147,322,8,311,15,3,3,3,0.05442176870748299,0.017057569296375266,0.31343283582089554,descriptive_only,Observed Positive Retrieval,aggregate_only
workplace2013,per_window,7,common_neighbors,10,0.1251879629333834,458,469,147,322,14,311,30,3,3,3,0.09523809523809523,0.029850746268656716,0.31343283582089554,descriptive_only,Observed Positive Retrieval,aggregate_only
workplace2013,per_window,7,common_neighbors,20,0.1251879629333834,458,469,147,322,31,311,60,3,3,3,0.2108843537414966,0.06609808102345416,0.31343283582089554,descriptive_only,Observed Positive Retrieval,aggregate_only
workplace2013,per_window,7,historical_frequency,5,0.1251879629333834,458,469,147,322,8,311,15,3,3,3,0.05442176870748299,0.017057569296375266,0.31343283582089554,descriptive_only,Observed Positive Retrieval,aggregate_only
workplace2013,per_window,7,historical_frequency,10,0.1251879629333834,458,469,147,322,17,311,30,3,3,3,0.11564625850340136,0.03624733475479744,0.31343283582089554,descriptive_only,Observed Positive Retrieval,aggregate_only
workplace2013,per_window,7,historical_frequency,20,0.1251879629333834,458,469,147,322,35,311,60,3,3,3,0.23809523809523808,0.07462686567164178,0.31343283582089554,descriptive_only,Observed Positive Retrieval,aggregate_only
workplace2013,per_window,7,last_contact_recency,5,0.1251879629333834,458,469,147,322,9,311,15,3,3,3,0.061224489795918366,0.019189765458422176,0.31343283582089554,descriptive_only,Observed Positive Retrieval,aggregate_only
workplace2013,per_window,7,last_contact_recency,10,0.1251879629333834,458,469,147,322,18,311,30,3,3,3,0.12244897959183673,0.03837953091684435,0.31343283582089554,descriptive_only,Observed Positive Retrieval,aggregate_only
workplace2013,per_window,7,last_contact_recency,20,0.1251879629333834,458,469,147,322,31,311,60,3,3,3,0.2108843537414966,0.06609808102345416,0.31343283582089554,descriptive_only,Observed Positive Retrieval,aggregate_only
workplace2015,common_7d,1,common_neighbors,5,0.05339160127547896,2349,2143,533,1610,10,1816,15,3,3,3,0.01876172607879925,0.004666355576294913,0.2487167522165189,descriptive_only,Observed Positive Retrieval,aggregate_only
workplace2015,common_7d,1,common_neighbors,10,0.05339160127547896,2349,2143,533,1610,16,1816,30,3,3,3,0.0300187617260788,0.007466168922071862,0.2487167522165189,descriptive_only,Observed Positive Retrieval,aggregate_only
workplace2015,common_7d,1,common_neighbors,20,0.05339160127547896,2349,2143,533,1610,29,1816,60,3,3,3,0.054409005628517824,0.013532431171255249,0.2487167522165189,descriptive_only,Observed Positive Retrieval,aggregate_only
workplace2015,common_7d,1,historical_frequency,5,0.05339160127547896,2349,2143,533,1610,6,1816,15,3,3,3,0.01125703564727955,0.0027998133457769483,0.2487167522165189,descriptive_only,Observed Positive Retrieval,aggregate_only
workplace2015,common_7d,1,historical_frequency,10,0.05339160127547896,2349,2143,533,1610,16,1816,30,3,3,3,0.0300187617260788,0.007466168922071862,0.2487167522165189,descriptive_only,Observed Positive Retrieval,aggregate_only
workplace2015,common_7d,1,historical_frequency,20,0.05339160127547896,2349,2143,533,1610,31,1816,60,3,3,3,0.058161350844277676,0.014465702286514233,0.2487167522165189,descriptive_only,Observed Positive Retrieval,aggregate_only
workplace2015,common_7d,1,last_contact_recency,5,0.05339160127547896,2349,2143,533,1610,7,1816,15,3,3,3,0.013133208255159476,0.0032664489034064394,0.2487167522165189,descriptive_only,Observed Positive Retrieval,aggregate_only
workplace2015,common_7d,1,last_contact_recency,10,0.05339160127547896,2349,2143,533,1610,14,1816,30,3,3,3,0.02626641651031895,0.006532897806812879,0.2487167522165189,descriptive_only,Observed Positive Retrieval,aggregate_only
workplace2015,common_7d,1,last_contact_recency,20,0.05339160127547896,2349,2143,533,1610,23,1816,60,3,3,3,0.043151969981238276,0.010732617825478302,0.2487167522165189,descriptive_only,Observed Positive Retrieval,aggregate_only
workplace2015,common_7d,3,common_neighbors,5,0.07649924808138804,2349,2143,533,1610,12,1816,15,3,3,3,0.0225140712945591,0.0055996266915538965,0.2487167522165189,descriptive_only,Observed Positive Retrieval,aggregate_only
workplace2015,common_7d,3,common_neighbors,10,0.07649924808138804,2349,2143,533,1610,19,1816,30,3,3,3,0.03564727954971857,0.008866075594960336,0.2487167522165189,descriptive_only,Observed Positive Retrieval,aggregate_only
workplace2015,common_7d,3,common_neighbors,20,0.07649924808138804,2349,2143,533,1610,34,1816,60,3,3,3,0.06378986866791744,0.015865608959402706,0.2487167522165189,descriptive_only,Observed Positive Retrieval,aggregate_only
workplace2015,common_7d,3,historical_frequency,5,0.07649924808138804,2349,2143,533,1610,8,1816,15,3,3,3,0.0150093808630394,0.003733084461035931,0.2487167522165189,descriptive_only,Observed Positive Retrieval,aggregate_only
workplace2015,common_7d,3,historical_frequency,10,0.07649924808138804,2349,2143,533,1610,17,1816,30,3,3,3,0.03189493433395872,0.007932804479701353,0.2487167522165189,descriptive_only,Observed Positive Retrieval,aggregate_only
workplace2015,common_7d,3,historical_frequency,20,0.07649924808138804,2349,2143,533,1610,35,1816,60,3,3,3,0.06566604127579738,0.016332244517032198,0.2487167522165189,descriptive_only,Observed Positive Retrieval,aggregate_only
workplace2015,common_7d,3,last_contact_recency,5,0.07649924808138804,2349,2143,533,1610,7,1816,15,3,3,3,0.013133208255159476,0.0032664489034064394,0.2487167522165189,descriptive_only,Observed Positive Retrieval,aggregate_only
workplace2015,common_7d,3,last_contact_recency,10,0.07649924808138804,2349,2143,533,1610,14,1816,30,3,3,3,0.02626641651031895,0.006532897806812879,0.2487167522165189,descriptive_only,Observed Positive Retrieval,aggregate_only
workplace2015,common_7d,3,last_contact_recency,20,0.07649924808138804,2349,2143,533,1610,23,1816,60,3,3,3,0.043151969981238276,0.010732617825478302,0.2487167522165189,descriptive_only,Observed Positive Retrieval,aggregate_only
workplace2015,common_7d,7,common_neighbors,5,0.11388863139299658,2349,2143,533,1610,13,1816,15,3,3,3,0.024390243902439025,0.006066262249183388,0.2487167522165189,descriptive_only,Observed Positive Retrieval,aggregate_only
workplace2015,common_7d,7,common_neighbors,10,0.11388863139299658,2349,2143,533,1610,25,1816,30,3,3,3,0.04690431519699812,0.011665888940737284,0.2487167522165189,descriptive_only,Observed Positive Retrieval,aggregate_only
workplace2015,common_7d,7,common_neighbors,20,0.11388863139299658,2349,2143,533,1610,37,1816,60,3,3,3,0.06941838649155722,0.01726551563229118,0.2487167522165189,descriptive_only,Observed Positive Retrieval,aggregate_only
workplace2015,common_7d,7,historical_frequency,5,0.11388863139299658,2349,2143,533,1610,9,1816,15,3,3,3,0.016885553470919325,0.004199720018665422,0.2487167522165189,descriptive_only,Observed Positive Retrieval,aggregate_only
workplace2015,common_7d,7,historical_frequency,10,0.11388863139299658,2349,2143,533,1610,18,1816,30,3,3,3,0.03377110694183865,0.008399440037330844,0.2487167522165189,descriptive_only,Observed Positive Retrieval,aggregate_only
workplace2015,common_7d,7,historical_frequency,20,0.11388863139299658,2349,2143,533,1610,34,1816,60,3,3,3,0.06378986866791744,0.015865608959402706,0.2487167522165189,descriptive_only,Observed Positive Retrieval,aggregate_only
workplace2015,common_7d,7,last_contact_recency,5,0.11388863139299658,2349,2143,533,1610,7,1816,15,3,3,3,0.013133208255159476,0.0032664489034064394,0.2487167522165189,descriptive_only,Observed Positive Retrieval,aggregate_only
workplace2015,common_7d,7,last_contact_recency,10,0.11388863139299658,2349,2143,533,1610,14,1816,30,3,3,3,0.02626641651031895,0.006532897806812879,0.2487167522165189,descriptive_only,Observed Positive Retrieval,aggregate_only
workplace2015,common_7d,7,last_contact_recency,20,0.11388863139299658,2349,2143,533,1610,23,1816,60,3,3,3,0.043151969981238276,0.010732617825478302,0.2487167522165189,descriptive_only,Observed Positive Retrieval,aggregate_only
workplace2015,per_window,1,common_neighbors,5,0.038255424825871236,5031,4942,1111,3831,19,3920,35,9,7,6,0.017101710171017102,0.0038445973290165926,0.22480777013354916,descriptive_only,Observed Positive Retrieval,aggregate_only
workplace2015,per_window,1,common_neighbors,10,0.038255424825871236,5031,4942,1111,3831,31,3920,70,9,7,6,0.0279027902790279,0.006272764063132335,0.22480777013354916,descriptive_only,Observed Positive Retrieval,aggregate_only
workplace2015,per_window,1,common_neighbors,20,0.038255424825871236,5031,4942,1111,3831,55,3920,140,9,7,6,0.04950495049504951,0.01112909753136382,0.22480777013354916,descriptive_only,Observed Positive Retrieval,aggregate_only
workplace2015,per_window,1,historical_frequency,5,0.038255424825871236,5031,4942,1111,3831,10,3920,35,9,7,6,0.009000900090009001,0.0020234722784297854,0.22480777013354916,descriptive_only,Observed Positive Retrieval,aggregate_only
workplace2015,per_window,1,historical_frequency,10,0.038255424825871236,5031,4942,1111,3831,24,3920,70,9,7,6,0.021602160216021602,0.004856333468231485,0.22480777013354916,descriptive_only,Observed Positive Retrieval,aggregate_only
workplace2015,per_window,1,historical_frequency,20,0.038255424825871236,5031,4942,1111,3831,54,3920,140,9,7,6,0.048604860486048604,0.010926750303520841,0.22480777013354916,descriptive_only,Observed Positive Retrieval,aggregate_only
workplace2015,per_window,1,last_contact_recency,5,0.038255424825871236,5031,4942,1111,3831,16,3920,35,9,7,6,0.0144014401440144,0.003237555645487657,0.22480777013354916,descriptive_only,Observed Positive Retrieval,aggregate_only
workplace2015,per_window,1,last_contact_recency,10,0.038255424825871236,5031,4942,1111,3831,33,3920,70,9,7,6,0.0297029702970297,0.006677458518818292,0.22480777013354916,descriptive_only,Observed Positive Retrieval,aggregate_only
workplace2015,per_window,1,last_contact_recency,20,0.038255424825871236,5031,4942,1111,3831,60,3920,140,9,7,6,0.054005400540054004,0.012140833670578713,0.22480777013354916,descriptive_only,Observed Positive Retrieval,aggregate_only
workplace2015,per_window,3,common_neighbors,5,0.054932383126481896,3803,3541,747,2794,15,3056,25,7,5,4,0.020080321285140562,0.004236091499576391,0.21095735667890425,descriptive_only,Observed Positive Retrieval,aggregate_only
workplace2015,per_window,3,common_neighbors,10,0.054932383126481896,3803,3541,747,2794,25,3056,50,7,5,4,0.03346720214190094,0.007060152499293985,0.21095735667890425,descriptive_only,Observed Positive Retrieval,aggregate_only
workplace2015,per_window,3,common_neighbors,20,0.054932383126481896,3803,3541,747,2794,46,3056,100,7,5,4,0.06157965194109773,0.012990680598700932,0.21095735667890425,descriptive_only,Observed Positive Retrieval,aggregate_only
workplace2015,per_window,3,historical_frequency,5,0.054932383126481896,3803,3541,747,2794,12,3056,25,7,5,4,0.01606425702811245,0.003388873199661113,0.21095735667890425,descriptive_only,Observed Positive Retrieval,aggregate_only
workplace2015,per_window,3,historical_frequency,10,0.054932383126481896,3803,3541,747,2794,23,3056,50,7,5,4,0.030789825970548863,0.006495340299350466,0.21095735667890425,descriptive_only,Observed Positive Retrieval,aggregate_only
workplace2015,per_window,3,historical_frequency,20,0.054932383126481896,3803,3541,747,2794,44,3056,100,7,5,4,0.058902275769745646,0.012425868398757414,0.21095735667890425,descriptive_only,Observed Positive Retrieval,aggregate_only
workplace2015,per_window,3,last_contact_recency,5,0.054932383126481896,3803,3541,747,2794,9,3056,25,7,5,4,0.012048192771084338,0.0025416548997458347,0.21095735667890425,descriptive_only,Observed Positive Retrieval,aggregate_only
workplace2015,per_window,3,last_contact_recency,10,0.054932383126481896,3803,3541,747,2794,17,3056,50,7,5,4,0.022757697456492636,0.0048009036995199095,0.21095735667890425,descriptive_only,Observed Positive Retrieval,aggregate_only
workplace2015,per_window,3,last_contact_recency,20,0.054932383126481896,3803,3541,747,2794,29,3056,100,7,5,4,0.038821954484605084,0.008189776899181022,0.21095735667890425,descriptive_only,Observed Positive Retrieval,aggregate_only
workplace2015,per_window,7,common_neighbors,5,0.11388863139299658,2349,2143,533,1610,13,1816,15,3,3,3,0.024390243902439025,0.006066262249183388,0.2487167522165189,descriptive_only,Observed Positive Retrieval,aggregate_only
workplace2015,per_window,7,common_neighbors,10,0.11388863139299658,2349,2143,533,1610,25,1816,30,3,3,3,0.04690431519699812,0.011665888940737284,0.2487167522165189,descriptive_only,Observed Positive Retrieval,aggregate_only
workplace2015,per_window,7,common_neighbors,20,0.11388863139299658,2349,2143,533,1610,37,1816,60,3,3,3,0.06941838649155722,0.01726551563229118,0.2487167522165189,descriptive_only,Observed Positive Retrieval,aggregate_only
workplace2015,per_window,7,historical_frequency,5,0.11388863139299658,2349,2143,533,1610,9,1816,15,3,3,3,0.016885553470919325,0.004199720018665422,0.2487167522165189,descriptive_only,Observed Positive Retrieval,aggregate_only
workplace2015,per_window,7,historical_frequency,10,0.11388863139299658,2349,2143,533,1610,18,1816,30,3,3,3,0.03377110694183865,0.008399440037330844,0.2487167522165189,descriptive_only,Observed Positive Retrieval,aggregate_only
workplace2015,per_window,7,historical_frequency,20,0.11388863139299658,2349,2143,533,1610,34,1816,60,3,3,3,0.06378986866791744,0.015865608959402706,0.2487167522165189,descriptive_only,Observed Positive Retrieval,aggregate_only
workplace2015,per_window,7,last_contact_recency,5,0.11388863139299658,2349,2143,533,1610,7,1816,15,3,3,3,0.013133208255159476,0.0032664489034064394,0.2487167522165189,descriptive_only,Observed Positive Retrieval,aggregate_only
workplace2015,per_window,7,last_contact_recency,10,0.11388863139299658,2349,2143,533,1610,14,1816,30,3,3,3,0.02626641651031895,0.006532897806812879,0.2487167522165189,descriptive_only,Observed Positive Retrieval,aggregate_only
workplace2015,per_window,7,last_contact_recency,20,0.11388863139299658,2349,2143,533,1610,23,1816,60,3,3,3,0.043151969981238276,0.010732617825478302,0.2487167522165189,descriptive_only,Observed Positive Retrieval,aggregate_only
