experiment,window_days,model,dataset_id,cohort,evaluation_scope,rows,positive_rate,threshold,pr_auc_average_precision,brier_score,log_loss,precision,recall,f1,roc_auc,accuracy,calibration_error_ece,ap_over_prevalence,distinct_prediction_days
T17,14,constant,copenhagen,T17 all-past known pairs,frozen_test,260170,0.10221778068186185,0.11350585897678281,0.10221778068186185,0.0918967267059289,0.3305812394875906,0.10221778068186185,1.0,0.18547655912178657,0.5,0.10221778068186185,0.01128807829492097,,
T17,14,historical_frequency,copenhagen,T17 all-past known pairs,frozen_test,260170,0.10221778068186185,0.23076923076923078,0.30904016985934585,0.08337652384824007,0.7307601996665972,0.32048370069420007,0.3767015116191622,0.34632603322213196,0.7037950699087386,0.8546450397816812,0.026971772367113667,,
T17,14,logistic_regression,copenhagen,T17 all-past known pairs,frozen_test,260170,0.10221778068186185,0.017183409462913524,0.2452156120251689,0.09573683712246493,0.44578346864320995,0.16357821155367977,0.3730916748138678,0.22743839541547278,0.6521284739320994,0.7409155552138986,0.08728953188332166,,
T17,14,xgboost_raw,copenhagen,T17 all-past known pairs,frozen_test,260170,0.10221778068186185,0.03290223330259323,0.3814913053546118,0.08839424317495514,0.3808438391489658,0.38009916224995727,0.4179890200797172,0.3981446659145042,0.7507174523959044,0.8708267671138102,0.0792442273061261,,
T17,14,xgboost_sigmoid,copenhagen,T17 all-past known pairs,frozen_test,260170,0.10221778068186185,0.21784518184593685,0.3814913053546118,0.07767315693245937,0.2789101115588304,0.38009916224995727,0.4179890200797172,0.3981446659145042,0.7507174523959044,0.8708267671138102,0.010393397802240061,,
T21-T22,1,historical_frequency,copenhagen,shared1d candidates + full7d span,frozen_test,25569,0.21381360240916736,0.20487590760283117,0.20964201551472464,0.7107011496256251,24.79333973741869,0.21381360240916736,1.0,0.35230055419512823,0.48729915786904016,0.21381360240916736,,0.9804896094194245,4.0
T21-T22,1,logistic_regression,copenhagen,shared1d candidates + full7d span,frozen_test,25569,0.21381360240916736,0.34925852636036164,0.5106167487231119,0.1396146324078859,0.44496815962723085,0.593993993993994,0.3618072068776294,0.44969876094122996,0.7501770693261695,0.8106691696976808,,2.388139683208569,4.0
T21-T22,1,xgboost,copenhagen,shared1d candidates + full7d span,frozen_test,25569,0.21381360240916736,0.3174563944339752,0.5887225238838673,0.12802613614112504,0.41510891649298604,0.6031476997578693,0.4556429486006951,0.5191205585078671,0.7706561999323844,0.8195079979662873,,2.753438122038888,4.0
T21-T22,3,historical_frequency,copenhagen,shared1d candidates + full7d span,frozen_test,25569,0.21381360240916736,1.0,0.33290756879472466,0.2290183932252404,3.0003952191734555,0.4761560693641618,0.24108286080117067,0.32009714632665454,0.6418371709440076,0.781023896124213,,1.5569990171048682,4.0
T21-T22,3,logistic_regression,copenhagen,shared1d candidates + full7d span,frozen_test,25569,0.21381360240916736,0.3327946006945454,0.5714965591098409,0.13189504934065935,0.42487289925591065,0.6378066378066378,0.4042436436802634,0.4948499776085983,0.780479514235948,0.8235363135046345,,2.672872785783706,4.0
T21-T22,3,xgboost,copenhagen,shared1d candidates + full7d span,frozen_test,25569,0.21381360240916736,0.3532690703868866,0.627493964585029,0.1208012799411845,0.3946706793885129,0.6431801951916211,0.4942381562099872,0.5589573851882499,0.799719013968945,0.8332355586843443,,2.934771022585441,4.0
T21-T22,7,historical_frequency,copenhagen,shared1d candidates + full7d span,frozen_test,25569,0.21381360240916736,0.5,0.5193285540187074,0.13935051496898226,0.9743389471422614,0.575940548072457,0.45363087616608744,0.5075207203519901,0.7750632647832982,0.8117642457663578,,2.4288845432054744,4.0
T21-T22,7,logistic_regression,copenhagen,shared1d candidates + full7d span,frozen_test,25569,0.21381360240916736,0.3458729111465327,0.6447802801313985,0.1191592952341588,0.3897488336571551,0.7120622568093385,0.4686299615877081,0.5652509652509653,0.8240476314531029,0.8458680433337245,,3.0156186176476547,4.0
T21-T22,7,xgboost,copenhagen,shared1d candidates + full7d span,frozen_test,25569,0.21381360240916736,0.3169858753681183,0.6913660477643164,0.10910678787461896,0.3609950714488096,0.6802989412497406,0.599414669837205,0.6373006612213147,0.8414944720283969,0.8541202237083969,,3.2334988979853314,4.0
