dataset,source_kind,scope,model,rows,positive_rate,threshold,pr_auc_average_precision,brier_score,log_loss,precision,recall,f1,roc_auc,accuracy,calibration_error_ece
Copenhagen,real_public_dataset,validation,constant,155368,0.11771407239586015,0.11350585897678281,0.11771407239586015,0.10387517861602284,0.36243262832985473,0.11771407239586015,1.0,0.21063360532544037,0.5,0.11771407239586015,0.004208213419077331
Copenhagen,real_public_dataset,validation,historical_frequency,155368,0.11771407239586015,0.23076923076923078,0.32333476667290006,0.09410774308613021,0.7093718192399411,0.3255302296928628,0.404505440428673,0.3607460685115202,0.6988628655041624,0.8312458163843263,0.03068960716301278
Copenhagen,real_public_dataset,validation,logistic_regression,155368,0.11771407239586015,0.017183409462913524,0.31301101567411255,0.106839682057713,0.46163791049796526,0.2294133643173222,0.507408824976762,0.3159686755192373,0.6948656093095869,0.7413881880438701,0.09683347845656581
Copenhagen,real_public_dataset,validation,xgboost_raw,81830,0.11740193083221312,0.03290223330259323,0.35623851733794043,0.10205561857254972,0.4332739698453278,0.3345110928512736,0.42375351306339126,0.373880699820912,0.7307747845924063,0.8333740681901504,0.08986751199450976
Copenhagen,real_public_dataset,validation,xgboost_sigmoid,81830,0.11740193083221312,0.21784518184593685,0.35623851733794043,0.0917463187616351,0.3189819261454628,0.3345110928512736,0.42375351306339126,0.373880699820912,0.7307747845924063,0.8333740681901504,0.015135073099957208
Copenhagen,real_public_dataset,test,constant,260170,0.10221778068186185,0.11350585897678281,0.10221778068186185,0.0918967267059289,0.3305812394875906,0.10221778068186185,1.0,0.18547655912178657,0.5,0.10221778068186185,0.01128807829492097
Copenhagen,real_public_dataset,test,historical_frequency,260170,0.10221778068186185,0.23076923076923078,0.30904016985934585,0.08337652384824007,0.7307601996665972,0.32048370069420007,0.3767015116191622,0.34632603322213196,0.7037950699087386,0.8546450397816812,0.026971772367113667
Copenhagen,real_public_dataset,test,logistic_regression,260170,0.10221778068186185,0.017183409462913524,0.2452156120251689,0.09573683712246493,0.44578346864320995,0.16357821155367977,0.3730916748138678,0.22743839541547278,0.6521284739320994,0.7409155552138986,0.08728953188332166
Copenhagen,real_public_dataset,test,xgboost_raw,260170,0.10221778068186185,0.03290223330259323,0.3814913053546118,0.08839424317495514,0.3808438391489658,0.38009916224995727,0.4179890200797172,0.3981446659145042,0.7507174523959044,0.8708267671138102,0.0792442273061261
Copenhagen,real_public_dataset,test,xgboost_sigmoid,260170,0.10221778068186185,0.21784518184593685,0.3814913053546118,0.07767315693245937,0.2789101115588304,0.38009916224995727,0.4179890200797172,0.3981446659145042,0.7507174523959044,0.8708267671138102,0.010393397802240061
