dimension,group,model,window_days,tag,threshold,candidate_rows,unknown_rows,unknown_rate,rows,positive_rate,pr_auc_average_precision,brier_score,log_loss,precision,recall,f1,roc_auc,accuracy,status
past_frequency_group,1,historical_frequency,1,historical_frequency_1d,0.20487590760283117,13283,3765,0.28344500489347285,9517,0.16339182515498582,0.1487347792185299,0.7621918140024007,26.485118893754567,0.16339182515498582,1.0,0.28088872832369943,0.43914478014943975,0.16339182515498582,both_classes
past_frequency_group,1,logistic_regression,1,logistic_regression_1d,0.34925852636036164,13283,3765,0.28344500489347285,9517,0.16339182515498582,0.4838493327915227,0.11014927392124485,0.37764066073397506,0.6896551724137931,0.3858520900321543,0.4948453608247423,0.7108576025510241,0.871282967321635,both_classes
past_frequency_group,1,xgboost,1,xgboost_1d,0.3174563944339752,13283,3765,0.28344500489347285,9517,0.16339182515498582,0.5504482155507121,0.09950801479528446,0.35025369610282103,0.8355555555555556,0.36270096463022505,0.5058295964125561,0.7219332020021146,0.88420720815383,both_classes
past_frequency_group,1,historical_frequency,7,historical_frequency_7d,0.5,13283,3765,0.28344500489347285,9517,0.16339182515498582,0.3310385620477144,0.1334299723675578,1.176821448692676,0.44801026957637996,0.22443729903536977,0.299057412167952,0.6789882973060946,0.8280970894189346,both_classes
past_frequency_group,1,logistic_regression,7,logistic_regression_7d,0.3458729111465327,13283,3765,0.28344500489347285,9517,0.16339182515498582,0.5581700918760607,0.10612688179396008,0.36427232370320545,0.7823439878234398,0.33054662379421224,0.46473779385171793,0.7664063465448017,0.8755910475990333,both_classes
past_frequency_group,1,xgboost,7,xgboost_7d,0.3169858753681183,13283,3765,0.28344500489347285,9517,0.16339182515498582,0.6362590068982612,0.0918429663733123,0.3224053630916809,0.7954022988505747,0.445016077170418,0.5707216494845361,0.8011837175134946,0.890616791005569,both_classes
past_frequency_group,1,historical_frequency,3,historical_frequency_3d,1.0,13283,3765,0.28344500489347285,9517,0.16339182515498582,0.20873637407386414,0.21752054437042978,2.580787662848657,0.33003300330033003,0.12861736334405144,0.18509949097639983,0.5429048026356705,0.8149626983293055,both_classes
past_frequency_group,1,logistic_regression,3,logistic_regression_3d,0.3327946006945454,13283,3765,0.28344500489347285,9517,0.16339182515498582,0.5098603289930813,0.11019638424844094,0.37908477483571934,0.7176470588235294,0.35305466237942124,0.4732758620689655,0.7192344504563881,0.871598192707786,both_classes
past_frequency_group,1,xgboost,3,xgboost_3d,0.3532690703868866,13283,3765,0.28344500489347285,9517,0.16339182515498582,0.5785652997223204,0.0974070498406762,0.34322057641668174,0.8165517241379311,0.3807073954983923,0.519298245614035,0.7405718965730306,0.8848376589261322,both_classes
past_frequency_group,2-5,historical_frequency,1,historical_frequency_1d,0.20487590760283117,8532,2406,0.2819971870604782,6121,0.21565103741218755,0.1941110245805801,0.7176878602121363,24.40271577150868,0.21565103741218755,1.0,0.3547910227120011,0.4259133198260463,0.21565103741218755,both_classes
past_frequency_group,2-5,logistic_regression,1,logistic_regression_1d,0.34925852636036164,8532,2406,0.2819971870604782,6121,0.21565103741218755,0.5197364268539841,0.1409281033970408,0.45886486193800624,0.7759197324414716,0.3515151515151515,0.48383733055265904,0.7213391465161929,0.8382617219408594,both_classes
past_frequency_group,2-5,xgboost,1,xgboost_1d,0.3174563944339752,8532,2406,0.2819971870604782,6121,0.21565103741218755,0.6071381780118381,0.12563864659612653,0.41802185502681805,0.8373287671232876,0.3704545454545455,0.5136554621848739,0.7299665315937967,0.8487175298153896,both_classes
past_frequency_group,2-5,historical_frequency,7,historical_frequency_7d,0.5,8532,2406,0.2819971870604782,6121,0.21565103741218755,0.429518600783783,0.15534063401741477,1.262368324711226,0.5109289617486339,0.2833333333333333,0.3645224171539961,0.6961480562761546,0.7869629145564451,both_classes
past_frequency_group,2-5,logistic_regression,7,logistic_regression_7d,0.3458729111465327,8532,2406,0.2819971870604782,6121,0.21565103741218755,0.6306407566178215,0.12601231760979245,0.41603617642049856,0.7710674157303371,0.4159090909090909,0.5403543307086615,0.7971789336817455,0.8474105538310733,both_classes
past_frequency_group,2-5,xgboost,7,xgboost_7d,0.3169858753681183,8532,2406,0.2819971870604782,6121,0.21565103741218755,0.692897786646929,0.11360218022531363,0.3809531151385713,0.7744270205066345,0.4863636363636364,0.5974872033503955,0.8171556746384908,0.8586832216958014,both_classes
past_frequency_group,2-5,historical_frequency,3,historical_frequency_3d,1.0,8532,2406,0.2819971870604782,6121,0.21565103741218755,0.2856545757354424,0.2300088912155876,2.7606751252987234,0.43283582089552236,0.15378787878787878,0.22694242593627725,0.5584235923071582,0.7740565267113216,both_classes
past_frequency_group,2-5,logistic_regression,3,logistic_regression_3d,0.3327946006945454,8532,2406,0.2819971870604782,6121,0.21565103741218755,0.5733970577707783,0.134862544241838,0.4421149994603768,0.7320916905444126,0.38712121212121214,0.5064420218037661,0.7513646146951709,0.8372814899526221,both_classes
past_frequency_group,2-5,xgboost,3,xgboost_3d,0.3532690703868866,8532,2406,0.2819971870604782,6121,0.21565103741218755,0.6531564337041135,0.11919905577470358,0.39977832976678834,0.7842857142857143,0.4159090909090909,0.5435643564356436,0.7718210536946218,0.8493710178075478,both_classes
past_frequency_group,>5,historical_frequency,1,historical_frequency_1d,0.20487590760283117,16190,4014,0.24793082149474985,12164,0.39666228214403154,0.36456175267704,0.6011936716669732,19.277240308156355,0.39666228214403154,1.0,0.5680145976808523,0.42453155722109226,0.39666228214403154,both_classes
past_frequency_group,>5,logistic_regression,1,logistic_regression_1d,0.34925852636036164,16190,4014,0.24793082149474985,12164,0.39666228214403154,0.6413177222601872,0.22314046520350617,0.6481556690057508,0.6685314685314685,0.3962694300518135,0.49759271307742353,0.7128219103420085,0.6825879644853666,both_classes
past_frequency_group,>5,xgboost,1,xgboost_1d,0.3174563944339752,16190,4014,0.24793082149474985,12164,0.39666228214403154,0.6905441434287314,0.2035763851055407,0.5953389757228692,0.6478250184320472,0.546321243523316,0.5927591634809984,0.7426274421484482,0.7022361065439,both_classes
past_frequency_group,>5,historical_frequency,7,historical_frequency_7d,0.5,16190,4014,0.24793082149474985,12164,0.39666228214403154,0.6851105534667504,0.1915856222975255,1.3842500805343938,0.715927750410509,0.5421761658031088,0.6170538978653143,0.770053423155588,0.7330647813219335,both_classes
past_frequency_group,>5,logistic_regression,7,logistic_regression_7d,0.3458729111465327,16190,4014,0.24793082149474985,12164,0.39666228214403154,0.7821146608655882,0.17845997302242644,0.5370745683180186,0.7870478413068844,0.5591709844559586,0.6538228522961348,0.8370149397039169,0.7651266030910885,both_classes
past_frequency_group,>5,xgboost,7,xgboost_7d,0.3169858753681183,16190,4014,0.24793082149474985,12164,0.39666228214403154,0.8008980919967185,0.163794039450882,0.495609285242732,0.7434497816593887,0.705699481865285,0.7240829346092504,0.8522583373516601,0.7866655705360079,both_classes
past_frequency_group,>5,historical_frequency,3,historical_frequency_3d,1.0,16190,4014,0.24793082149474985,12164,0.39666228214403154,0.5067576942272914,0.2741456147376553,3.914000407513798,0.6548358473824313,0.30590673575129534,0.4170080519847436,0.5930271591829299,0.6607201578428149,both_classes
past_frequency_group,>5,logistic_regression,3,logistic_regression_3d,0.3327946006945454,16190,4014,0.24793082149474985,12164,0.39666228214403154,0.704929581788577,0.20788385057598685,0.6092460411302711,0.7171314741035857,0.44766839378238343,0.5512313385223938,0.76861884163462,0.7108681354817494,both_classes
past_frequency_group,>5,xgboost,3,xgboost_3d,0.3532690703868866,16190,4014,0.24793082149474985,12164,0.39666228214403154,0.7302582195432291,0.18853307041166686,0.5573665546460075,0.6982865656816488,0.5827979274611399,0.6353366470854044,0.7919634121631401,0.7346267675106872,both_classes
past_scan_group,0.5-0.75,historical_frequency,1,historical_frequency_1d,0.20487590760283117,9217,2178,0.236302484539438,7039,0.2771700525642847,0.2771700525642847,0.7228299474357153,26.053432084646687,0.2771700525642847,1.0,0.4340378197997775,0.5,0.2771700525642847,both_classes
past_scan_group,0.5-0.75,logistic_regression,1,logistic_regression_1d,0.34925852636036164,9217,2178,0.236302484539438,7039,0.2771700525642847,0.6267764804497075,0.16313501134686786,0.5047926038888121,0.7370405278039586,0.4008200922603793,0.5192563081009296,0.7785046734620853,0.7942889615002131,both_classes
past_scan_group,0.5-0.75,xgboost,1,xgboost_1d,0.3174563944339752,9217,2178,0.236302484539438,7039,0.2771700525642847,0.6891565197422623,0.14701481468919012,0.4605683640580516,0.7149253731343284,0.4910302409021015,0.5821938620480097,0.7989767584112647,0.8046597528057963,both_classes
past_scan_group,0.5-0.75,historical_frequency,7,historical_frequency_7d,0.5,9217,2178,0.236302484539438,7039,0.2771700525642847,0.5982576034406882,0.15647228963091608,0.7824842006114463,0.5991016282987086,0.5468990261404408,0.5718113612004287,0.7929785342301481,0.7729791163517545,both_classes
past_scan_group,0.5-0.75,logistic_regression,7,logistic_regression_7d,0.3458729111465327,9217,2178,0.236302484539438,7039,0.2771700525642847,0.7285582170091647,0.13736657517792147,0.4348966465606014,0.7749049429657795,0.522296258329062,0.6240048989589713,0.8458705461479197,0.8255434010512857,both_classes
past_scan_group,0.5-0.75,xgboost,7,xgboost_7d,0.3169858753681183,9217,2178,0.236302484539438,7039,0.2771700525642847,0.7688477330558857,0.12395080015521937,0.39808404527840546,0.7540687160940326,0.6412096360840595,0.6930747922437673,0.8590590335870333,0.8425912771700526,both_classes
past_scan_group,0.5-0.75,historical_frequency,3,historical_frequency_3d,1.0,9217,2178,0.236302484539438,7039,0.2771700525642847,0.4375525858874683,0.2507063819039952,3.4901794567989004,0.5584024114544084,0.3798052280881599,0.4521049420378279,0.688759785741226,0.7448501207557892,both_classes
past_scan_group,0.5-0.75,logistic_regression,3,logistic_regression_3d,0.3327946006945454,9217,2178,0.236302484539438,7039,0.2771700525642847,0.683667777915495,0.1504172427751941,0.47005887891461057,0.7367563162184189,0.46335212711430035,0.5689112649465072,0.8098716309004574,0.8053700809774116,both_classes
past_scan_group,0.5-0.75,xgboost,3,xgboost_3d,0.3532690703868866,9217,2178,0.236302484539438,7039,0.2771700525642847,0.7237469769588492,0.13669484198767204,0.4343256973959962,0.7354793561931421,0.5386981035366478,0.6218934911242604,0.821320112005132,0.8184401193351328,both_classes
past_scan_group,>=0.75,historical_frequency,1,historical_frequency_1d,0.20487590760283117,17899,1786,0.09978211073244315,16113,0.22751815304412587,0.22751815304412587,0.7724818469558742,27.843067941062564,0.22751815304412587,1.0,0.3706961929318975,0.5,0.22751815304412587,both_classes
past_scan_group,>=0.75,logistic_regression,1,logistic_regression_1d,0.34925852636036164,17899,1786,0.09978211073244315,16113,0.22751815304412587,0.5279730269629355,0.14555901479347905,0.46022179933695,0.5992080950285966,0.37152209492635024,0.4586630745916821,0.7505525117715699,0.8004716688388258,both_classes
past_scan_group,>=0.75,xgboost,1,xgboost_1d,0.3174563944339752,17899,1786,0.09978211073244315,16113,0.22751815304412587,0.6007991624430867,0.1339056811424203,0.43105152332172986,0.6121277359167564,0.4653573376977632,0.5287463195412986,0.768317371054252,0.8112704027803637,both_classes
past_scan_group,>=0.75,historical_frequency,7,historical_frequency_7d,0.5,17899,1786,0.09978211073244315,16113,0.22751815304412587,0.5585278245306485,0.13760070072009856,0.5735842225444951,0.6331638639030114,0.44162575013638844,0.5203278161658365,0.798095096148203,0.8147458573822379,both_classes
past_scan_group,>=0.75,logistic_regression,7,logistic_regression_7d,0.3458729111465327,17899,1786,0.09978211073244315,16113,0.22751815304412587,0.6702058358406903,0.12373983115414651,0.4016083192660913,0.739294710327456,0.48036006546644844,0.5823412698412699,0.8272175606678153,0.843232172779743,both_classes
past_scan_group,>=0.75,xgboost,7,xgboost_7d,0.3169858753681183,17899,1786,0.09978211073244315,16113,0.22751815304412587,0.707028817223517,0.1137237428537817,0.3749466207254745,0.7018673535093368,0.5946535733769777,0.6438275251033668,0.8422170559637676,0.85030720536213,both_classes
past_scan_group,>=0.75,historical_frequency,3,historical_frequency_3d,1.0,17899,1786,0.09978211073244315,16113,0.22751815304412587,0.36052118696136626,0.22159470958577274,2.127936205519792,0.5270805812417437,0.2176759410801964,0.3081081081081081,0.660207824547604,0.7775709054800471,both_classes
past_scan_group,>=0.75,logistic_regression,3,logistic_regression_3d,0.3327946006945454,17899,1786,0.09978211073244315,16113,0.22751815304412587,0.5871783672984342,0.13813258261382577,0.44019780485407284,0.6465741543798785,0.4067103109656301,0.49933020763563296,0.7812852408012482,0.8144355489356421,both_classes
past_scan_group,>=0.75,xgboost,3,xgboost_3d,0.3532690703868866,17899,1786,0.09978211073244315,16113,0.22751815304412587,0.6385241270163459,0.12646392099339282,0.4097964775716235,0.6581227436823105,0.4972722313147845,0.5665009322560597,0.7996793693859893,0.8268478867994786,both_classes
past_scan_group,below0.5,historical_frequency,1,historical_frequency_1d,0.20487590760283117,10889,6221,0.571310496831665,4650,0.4479569892473118,0.4479569892473118,0.30637993728524626,0.8367287482820488,0.4479569892473118,1.0,0.618743502153572,0.5,0.4479569892473118,both_classes
past_scan_group,below0.5,logistic_regression,1,logistic_regression_1d,0.34925852636036164,10889,6221,0.571310496831665,4650,0.4479569892473118,0.7512267254977752,0.24333170522565425,0.7135687213815276,0.8370221327967807,0.39942390782525206,0.5407864803379916,0.7697228440072033,0.6961290322580646,both_classes
past_scan_group,below0.5,xgboost,1,xgboost_1d,0.3174563944339752,10889,6221,0.571310496831665,4650,0.4479569892473118,0.8004068018822419,0.2150313032688994,0.6336141056419404,0.8534554537885096,0.4920787325972156,0.6242387332521315,0.7986181567780879,0.7346236559139785,both_classes
past_scan_group,below0.5,historical_frequency,7,historical_frequency_7d,0.5,10889,6221,0.571310496831665,4650,0.4479569892473118,0.6937523518050136,0.26506925592575853,4.5192936250371085,0.7896009673518742,0.31349015842534805,0.44879725085910654,0.7575741140787433,0.6550537634408602,both_classes
past_scan_group,below0.5,logistic_regression,7,logistic_regression_7d,0.3458729111465327,10889,6221,0.571310496831665,4650,0.4479569892473118,0.8332955546654095,0.21319888600070983,0.6481634077632373,0.8918181818181818,0.470955352856457,0.6163996229971724,0.8526310060797886,0.7374193548387097,both_classes
past_scan_group,below0.5,xgboost,7,xgboost_7d,0.3169858753681183,10889,6221,0.571310496831665,4650,0.4479569892473118,0.8546693329982449,0.18427931206858342,0.5559373568892576,0.8639365918097754,0.627940470475276,0.7272727272727273,0.8631444451447252,0.7890322580645162,both_classes
past_scan_group,below0.5,historical_frequency,3,historical_frequency_3d,1.0,10889,6221,0.571310496831665,4650,0.4479569892473118,0.5910185183829847,0.31773267178388237,6.497750604372929,0.6967213114754098,0.16322611617858857,0.26448852586542204,0.6908645702751474,0.5933333333333334,both_classes
past_scan_group,below0.5,logistic_regression,3,logistic_regression_3d,0.3327946006945454,10889,6221,0.571310496831665,4650,0.4479569892473118,0.7966456791295964,0.24051924839824537,0.7146565332953775,0.8757961783439491,0.39606337013922227,0.5454545454545454,0.8187123730213662,0.7043010752688172,both_classes
past_scan_group,below0.5,xgboost,3,xgboost_3d,0.3532690703868866,10889,6221,0.571310496831665,4650,0.4479569892473118,0.821348331263047,0.20431149043019992,0.6092496614821762,0.8611332801276935,0.5180028804608737,0.6468824940047961,0.82566011496783,0.7466666666666667,both_classes
prediction_day,24,historical_frequency,1,historical_frequency_1d,0.20487590760283117,10995,2913,0.2649386084583902,8079,0.2564673845772992,0.2326034910791244,0.7069878657735136,24.01153698371444,0.2564673845772992,1.0,0.4082356418086888,0.42854608008803113,0.2564673845772992,both_classes
prediction_day,24,logistic_regression,1,logistic_regression_1d,0.34925852636036164,10995,2913,0.2649386084583902,8079,0.2564673845772992,0.5883107532803593,0.1614078018086264,0.5011721204355033,0.7202881152460985,0.28957528957528955,0.41308089500860584,0.7625844172789404,0.7889590295828691,both_classes
prediction_day,24,xgboost,1,xgboost_1d,0.3174563944339752,10995,2913,0.2649386084583902,8079,0.2564673845772992,0.6476764653995226,0.14971173784601763,0.468064286342238,0.7153780798640612,0.4063706563706564,0.5183133271775932,0.791964032631171,0.8062879069191732,both_classes
prediction_day,24,historical_frequency,7,historical_frequency_7d,0.5,10995,2913,0.2649386084583902,8079,0.2564673845772992,0.5972920662546117,0.1488464512629223,1.1403416361815437,0.662807525325615,0.4420849420849421,0.5303995367689636,0.7778218686950167,0.7992325782893922,both_classes
prediction_day,24,logistic_regression,7,logistic_regression_7d,0.3458729111465327,10995,2913,0.2649386084583902,8079,0.2564673845772992,0.7329961168492534,0.13358436635182333,0.42484160408173205,0.8340888485947416,0.444015444015444,0.5795275590551181,0.8490456436602599,0.8347567768288154,both_classes
prediction_day,24,xgboost,7,xgboost_7d,0.3169858753681183,10995,2913,0.2649386084583902,8079,0.2564673845772992,0.7675295077253128,0.12247206795221922,0.39338923208013415,0.8092991913746631,0.5796332046332047,0.6754780652418447,0.8680082374938376,0.8571605396707513,both_classes
prediction_day,24,historical_frequency,3,historical_frequency_3d,1.0,10995,2913,0.2649386084583902,8079,0.2564673845772992,0.3097160401457769,0.22155654315405424,2.2732729769348903,0.6153846153846154,0.10810810810810811,0.1839080459770115,0.5038266970387829,0.7539299418244833,both_classes
prediction_day,24,logistic_regression,3,logistic_regression_3d,0.3327946006945454,10995,2913,0.2649386084583902,8079,0.2564673845772992,0.5847568402594089,0.1594405984292191,0.4941868185467116,0.7182940516273849,0.3088803088803089,0.4319946000674992,0.7542892365599208,0.7916821388785741,both_classes
prediction_day,24,xgboost,3,xgboost_3d,0.3532690703868866,10995,2913,0.2649386084583902,8079,0.2564673845772992,0.659104427570209,0.14671741510424835,0.4599188819471785,0.7698042870456664,0.39864864864864863,0.5252782193958665,0.7995638373634879,0.8151999009778438,both_classes
prediction_day,25,historical_frequency,1,historical_frequency_1d,0.20487590760283117,8127,2271,0.2794389073458841,5856,0.3521174863387978,0.31940341417604684,0.6419760594032684,21.026468845487067,0.3521174863387978,1.0,0.5208385956049507,0.4178257363840092,0.3521174863387978,both_classes
prediction_day,25,logistic_regression,1,logistic_regression_1d,0.34925852636036164,8127,2271,0.2794389073458841,5856,0.3521174863387978,0.7482934067790186,0.16880228454019222,0.5076306621820188,0.7771701982228298,0.5514064015518914,0.6451063829787234,0.8417936943675934,0.7863729508196722,both_classes
prediction_day,25,xgboost,1,xgboost_1d,0.3174563944339752,8127,2271,0.2794389073458841,5856,0.3521174863387978,0.8084172545787304,0.14377654205920937,0.4440663424627612,0.7798816568047338,0.6391852570320078,0.7025586353944563,0.8639667666594913,0.8094262295081968,both_classes
prediction_day,25,historical_frequency,7,historical_frequency_7d,0.5,8127,2271,0.2794389073458841,5856,0.3521174863387978,0.6710146042945397,0.18179891496252804,1.3767623771034094,0.7440329218106996,0.4384093113482056,0.5517241379310345,0.7679337736289931,0.749146174863388,both_classes
prediction_day,25,logistic_regression,7,logistic_regression_7d,0.3458729111465327,8127,2271,0.2794389073458841,5856,0.3521174863387978,0.8233923774661053,0.14981333676487427,0.461063827452177,0.8470670391061452,0.5882638215324927,0.6943331425300515,0.8845257993247799,0.8176229508196722,both_classes
prediction_day,25,xgboost,7,xgboost_7d,0.3169858753681183,8127,2271,0.2794389073458841,5856,0.3521174863387978,0.8664140500766684,0.12051531433242858,0.3847522626481996,0.8350628072091754,0.7415130940834141,0.7855124582584125,0.9080393668700439,0.8574112021857924,both_classes
prediction_day,25,historical_frequency,3,historical_frequency_3d,1.0,8127,2271,0.2794389073458841,5856,0.3521174863387978,0.49489823501484886,0.23725507445760913,2.4070789117072167,0.7115384615384616,0.17943743937924345,0.2865995352439969,0.6070056375705783,0.6854508196721312,both_classes
prediction_day,25,logistic_regression,3,logistic_regression_3d,0.3327946006945454,8127,2271,0.2794389073458841,5856,0.3521174863387978,0.7772119122737008,0.1684092329636987,0.5057835713788887,0.7992779783393502,0.5368574199806013,0.6422976501305483,0.8533549066958037,0.7894467213114754,both_classes
prediction_day,25,xgboost,3,xgboost_3d,0.3532690703868866,8127,2271,0.2794389073458841,5856,0.3521174863387978,0.8206213849362718,0.13638543463555575,0.4263755315496892,0.7966804979253111,0.6517943743937924,0.7169911976527074,0.8760461794031824,0.818818306010929,both_classes
prediction_day,26,historical_frequency,1,historical_frequency_1d,0.20487590760283117,9342,2751,0.2944765574823378,6591,0.29934759520558335,0.27516424005465107,0.6482488365723609,21.381488020518276,0.29934759520558335,1.0,0.4607659971975712,0.43494780225991553,0.29934759520558335,both_classes
prediction_day,26,logistic_regression,1,logistic_regression_1d,0.34925852636036164,9342,2751,0.2944765574823378,6591,0.29934759520558335,0.5602703472068501,0.18446567337416178,0.558656247034925,0.6276849642004774,0.3998986315255955,0.4885448916408669,0.7234902671557581,0.7493551813078441,both_classes
prediction_day,26,xgboost,1,xgboost_1d,0.3174563944339752,9342,2751,0.2944765574823378,6591,0.29934759520558335,0.6513052811860991,0.16559110854512865,0.5098224920031839,0.6369008535784636,0.49163710086163204,0.5549199084668193,0.7533631263284308,0.7639204976483083,both_classes
prediction_day,26,historical_frequency,7,historical_frequency_7d,0.5,9342,2751,0.2944765574823378,6591,0.29934759520558335,0.5783279394662204,0.1734720537996747,1.3874159438811142,0.6669266770670826,0.4333502280790674,0.5253456221198156,0.7629749671671945,0.7655894401456531,both_classes
prediction_day,26,logistic_regression,7,logistic_regression_7d,0.3458729111465327,9342,2751,0.2944765574823378,6591,0.29934759520558335,0.7227969379300754,0.1546955460840627,0.48397837402223837,0.7699836867862969,0.4784591991890522,0.5901844326351985,0.8267895278331973,0.8010923987255348,both_classes
prediction_day,26,xgboost,7,xgboost_7d,0.3169858753681183,9342,2751,0.2944765574823378,6591,0.29934759520558335,0.756977374036351,0.14173440602076146,0.44433677294634755,0.7365079365079366,0.5879371515458692,0.6538895152198422,0.8467659549434912,0.8136853284782278,both_classes
prediction_day,26,historical_frequency,3,historical_frequency_3d,1.0,9342,2751,0.2944765574823378,6591,0.29934759520558335,0.4443207685115014,0.2640345336748349,4.307083859692803,0.5642965204236006,0.3781044095286366,0.45280728376327767,0.6495180607319646,0.7264451524806554,both_classes
prediction_day,26,logistic_regression,3,logistic_regression_3d,0.3327946006945454,9342,2751,0.2944765574823378,6591,0.29934759520558335,0.6726017132701374,0.1662491706310962,0.5163389377859179,0.7072975140336808,0.44703497212366955,0.5478260869565217,0.7872273966191923,0.7790927021696252,both_classes
prediction_day,26,xgboost,3,xgboost_3d,0.3532690703868866,9342,2751,0.2944765574823378,6591,0.29934759520558335,0.7100756448509151,0.1510511269157712,0.47297138691186075,0.7032385988103106,0.5392802838317283,0.6104417670682731,0.8038741173885567,0.7939614626005158,both_classes
prediction_day,27,historical_frequency,1,historical_frequency_1d,0.20487590760283117,9541,2250,0.2358243370715858,7276,0.21893897746014293,0.19880620402799193,0.7168625419293854,24.446214192391906,0.21893897746014293,1.0,0.35922877438268125,0.43264252510681794,0.21893897746014293,both_classes
prediction_day,27,logistic_regression,1,logistic_regression_1d,0.34925852636036164,9541,2250,0.2358243370715858,7276,0.21893897746014293,0.46090807180400106,0.15349905404739753,0.4924581504906824,0.5806451612903226,0.2824858757062147,0.38006756756756754,0.688241679377896,0.7982407916437603,both_classes
prediction_day,27,xgboost,1,xgboost_1d,0.3174563944339752,9541,2250,0.2358243370715858,7276,0.21893897746014293,0.5182290766930859,0.14423687799172075,0.4661346324228733,0.5959488272921108,0.35091023226616447,0.44172263927301464,0.7084166618892549,0.8057998900494777,both_classes
prediction_day,27,historical_frequency,7,historical_frequency_7d,0.5,9541,2250,0.2358243370715858,7276,0.21893897746014293,0.4632878592489113,0.15676763951379516,1.2843849886252465,0.5163297045101088,0.41682360326428125,0.4612712747481765,0.7089542726023218,0.7868334249587685,both_classes
prediction_day,27,logistic_regression,7,logistic_regression_7d,0.3458729111465327,9541,2250,0.2358243370715858,7276,0.21893897746014293,0.5748153073788161,0.13413753461735997,0.44311787155811183,0.6602316602316602,0.4293785310734463,0.5203499429440852,0.7611246590778171,0.826690489279824,both_classes
prediction_day,27,xgboost,7,xgboost_7d,0.3169858753681183,9541,2250,0.2358243370715858,7276,0.21893897746014293,0.6058972028338186,0.128155327682101,0.42177194577606875,0.6112311015118791,0.5329566854990584,0.5694164989939637,0.7762518779646879,0.8235294117647058,both_classes
prediction_day,27,historical_frequency,3,historical_frequency_3d,1.0,9541,2250,0.2358243370715858,7276,0.21893897746014293,0.335101500350015,0.26019269680547424,3.878468029058864,0.47996438112199463,0.33835530445699935,0.39690721649484534,0.6107639341086105,0.7748763056624519,both_classes
prediction_day,27,logistic_regression,3,logistic_regression_3d,0.3327946006945454,9541,2250,0.2358243370715858,7276,0.21893897746014293,0.5392604759265234,0.141954155309012,0.4627832212941842,0.6207983193277311,0.3709981167608286,0.4644400785854617,0.7419024526514305,0.812671797691039,both_classes
prediction_day,27,xgboost,3,xgboost_3d,0.3532690703868866,9541,2250,0.2358243370715858,7276,0.21893897746014293,0.5770193551328572,0.13336661666620492,0.43476992603515624,0.6098388464800678,0.45134965473948524,0.5187590187590188,0.7554599741809888,0.8166575041231446,both_classes
