scope,model,window_days,tag,threshold,rows,positive_rate,pr_auc_average_precision,brier_score,log_loss,precision,recall,f1,roc_auc,accuracy,status,distinct_prediction_days,ap_over_scope_prevalence
added_reliable_predicted,historical_frequency,1,historical_frequency_1d,0.20487590760283117,2233,1.0,1.0,0.3527760920728998,0.884615813534352,1.0,1.0,1.0,,1.0,single_class_descriptive_only,4,1.0
added_reliable_predicted,logistic_regression,1,logistic_regression_1d,0.34925852636036164,2233,1.0,1.0,0.4726312778772897,1.3029523835221952,1.0,0.44693237796686075,0.6177653977096874,,0.44693237796686075,single_class_descriptive_only,4,1.0
added_reliable_predicted,xgboost,1,xgboost_1d,0.3174563944339752,2233,1.0,1.0,0.411488941358255,1.1284637775698705,1.0,0.5364979847738468,0.6983386767706208,,0.5364979847738468,single_class_descriptive_only,4,1.0
added_reliable_predicted,historical_frequency,3,historical_frequency_3d,1.0,2233,1.0,1.0,0.4285550403925931,5.5316812482023865,1.0,0.2512315270935961,0.4015748031496063,,0.2512315270935961,single_class_descriptive_only,4,1.0
added_reliable_predicted,logistic_regression,3,logistic_regression_3d,0.3327946006945454,2233,1.0,1.0,0.4614900421010691,1.2813387358006028,1.0,0.4523063143752799,0.6228800493370336,,0.4523063143752799,single_class_descriptive_only,4,1.0
added_reliable_predicted,xgboost,3,xgboost_3d,0.3532690703868866,2233,1.0,1.0,0.3856644224818833,1.07565855427193,1.0,0.5602328705776982,0.7181400688863375,,0.5602328705776982,single_class_descriptive_only,4,1.0
added_reliable_predicted,historical_frequency,7,historical_frequency_7d,0.5,2233,1.0,1.0,0.44249317520279274,4.859790274476262,1.0,0.3846842812360054,0.555627425614489,,0.3846842812360054,single_class_descriptive_only,4,1.0
added_reliable_predicted,logistic_regression,7,logistic_regression_7d,0.3458729111465327,2233,1.0,1.0,0.4054339552732856,1.1557654553487942,1.0,0.5369458128078818,0.6987179487179487,,0.5369458128078818,single_class_descriptive_only,4,1.0
added_reliable_predicted,xgboost,7,xgboost_7d,0.3169858753681183,2233,1.0,1.0,0.3457535570301631,0.9845294322098981,1.0,0.6547245857590686,0.791339648173207,,0.6547245857590686,single_class_descriptive_only,4,1.0
old_t22_overlap,historical_frequency,1,historical_frequency_1d,0.20487590760283117,25569,0.21381360240916736,0.20964201551472464,0.7107011496256251,24.79333973741869,0.21381360240916736,1.0,0.35230055419512823,0.48729915786904016,0.21381360240916736,both_classes,4,0.9804896094194245
old_t22_overlap,logistic_regression,1,logistic_regression_1d,0.34925852636036164,25569,0.21381360240916736,0.5106167487231119,0.1396146324078859,0.44496815962723085,0.593993993993994,0.3618072068776294,0.44969876094122996,0.7501770693261695,0.8106691696976808,both_classes,4,2.388139683208569
old_t22_overlap,xgboost,1,xgboost_1d,0.3174563944339752,25569,0.21381360240916736,0.5887225238838673,0.12802613614112504,0.41510891649298604,0.6031476997578693,0.4556429486006951,0.5191205585078671,0.7706561999323844,0.8195079979662873,both_classes,4,2.753438122038888
old_t22_overlap,historical_frequency,3,historical_frequency_3d,1.0,25569,0.21381360240916736,0.33290756879472466,0.2290183932252404,3.0003952191734555,0.4761560693641618,0.24108286080117067,0.32009714632665454,0.6418371709440076,0.781023896124213,both_classes,4,1.5569990171048682
old_t22_overlap,logistic_regression,3,logistic_regression_3d,0.3327946006945454,25569,0.21381360240916736,0.5714965591098409,0.13189504934065935,0.42487289925591065,0.6378066378066378,0.4042436436802634,0.4948499776085983,0.780479514235948,0.8235363135046345,both_classes,4,2.672872785783706
old_t22_overlap,xgboost,3,xgboost_3d,0.3532690703868866,25569,0.21381360240916736,0.627493964585029,0.1208012799411845,0.3946706793885129,0.6431801951916211,0.4942381562099872,0.5589573851882499,0.799719013968945,0.8332355586843443,both_classes,4,2.934771022585441
old_t22_overlap,historical_frequency,7,historical_frequency_7d,0.5,25569,0.21381360240916736,0.5193285540187074,0.13935051496898226,0.9743389471422614,0.575940548072457,0.45363087616608744,0.5075207203519901,0.7750632647832982,0.8117642457663578,both_classes,4,2.4288845432054744
old_t22_overlap,logistic_regression,7,logistic_regression_7d,0.3458729111465327,25569,0.21381360240916736,0.6447802801313985,0.1191592952341588,0.3897488336571551,0.7120622568093385,0.4686299615877081,0.5652509652509653,0.8240476314531029,0.8458680433337245,both_classes,4,3.0156186176476547
old_t22_overlap,xgboost,7,xgboost_7d,0.3169858753681183,25569,0.21381360240916736,0.6913660477643164,0.10910678787461896,0.3609950714488096,0.6802989412497406,0.599414669837205,0.6373006612213147,0.8414944720283969,0.8541202237083969,both_classes,4,3.2334988979853314
reliable_predicted,historical_frequency,1,historical_frequency_1d,0.20487590760283117,27802,0.2769584921948061,0.2519048753608323,0.6819533381906481,22.873039740223035,0.2769584921948061,1.0,0.4337783786828911,0.42858962796232725,0.2769584921948061,both_classes,4,0.9095401746469948
reliable_predicted,logistic_regression,1,logistic_regression_1d,0.34925852636036164,27802,0.2769584921948061,0.6000012175652869,0.16636185092932965,0.5138797045505261,0.6876155268022182,0.3864935064935065,0.4948453608247423,0.7602687656587765,0.781454571613553,both_classes,4,2.166394006590923
reliable_predicted,xgboost,1,xgboost_1d,0.3174563944339752,27802,0.2769584921948061,0.669281067004436,0.1507932911677365,0.472404125642856,0.6923798798798799,0.47909090909090907,0.566318698188517,0.7854953018824773,0.7967772102726423,both_classes,4,2.4165392499814717
reliable_predicted,historical_frequency,3,historical_frequency_3d,1.0,27802,0.2769584921948061,0.3869915975898952,0.24504477021699272,3.203702956128408,0.564433763893061,0.24402597402597404,0.3407380542206909,0.5900056303759915,0.7384720523703331,both_classes,4,1.39729096054471
reliable_predicted,logistic_regression,3,logistic_regression_3d,0.3327946006945454,27802,0.2769584921948061,0.6512495911361451,0.15836744768732489,0.4936624904005872,0.7195530726256983,0.41818181818181815,0.528952772073922,0.7886799271765942,0.7937198762678944,both_classes,4,2.3514339133463777
reliable_predicted,xgboost,3,xgboost_3d,0.3532690703868866,27802,0.2769584921948061,0.7019257549966103,0.14207454795403898,0.4493662381474033,0.72505502567865,0.5133766233766234,0.6011253041362531,0.8125057434357504,0.8113085389540321,both_classes,4,2.534407771482566
reliable_predicted,historical_frequency,7,historical_frequency_7d,0.5,27802,0.2769584921948061,0.575291032998588,0.16369831585748304,1.286410482065534,0.6464666021297193,0.43363636363636365,0.5190827827438788,0.7567954115827462,0.7774620530897057,both_classes,4,2.077174194730746
reliable_predicted,logistic_regression,7,logistic_regression_7d,0.3458729111465327,27802,0.2769584921948061,0.7201506481775634,0.1421522927115838,0.451273728133719,0.7840316864707109,0.48844155844155845,0.6019044570696968,0.8348856158268158,0.8210560391338753,both_classes,4,2.6002114702120283
reliable_predicted,xgboost,7,xgboost_7d,0.3169858753681183,27802,0.2769584921948061,0.7589296121813053,0.1281137742613656,0.41107608100134213,0.7547380156075808,0.6154545454545455,0.6780170255383074,0.854280872097756,0.8381051722897633,both_classes,4,2.7402287114109933
strict_covered_predicted,historical_frequency,1,historical_frequency_1d,0.20487590760283117,25569,0.21381360240916736,0.20964201551472464,0.7107011496256251,24.79333973741869,0.21381360240916736,1.0,0.35230055419512823,0.48729915786904016,0.21381360240916736,both_classes,4,0.9804896094194245
strict_covered_predicted,logistic_regression,1,logistic_regression_1d,0.34925852636036164,25569,0.21381360240916736,0.5106167487231119,0.1396146324078859,0.44496815962723085,0.593993993993994,0.3618072068776294,0.44969876094122996,0.7501770693261695,0.8106691696976808,both_classes,4,2.388139683208569
strict_covered_predicted,xgboost,1,xgboost_1d,0.3174563944339752,25569,0.21381360240916736,0.5887225238838673,0.12802613614112504,0.41510891649298604,0.6031476997578693,0.4556429486006951,0.5191205585078671,0.7706561999323844,0.8195079979662873,both_classes,4,2.753438122038888
strict_covered_predicted,historical_frequency,3,historical_frequency_3d,1.0,25569,0.21381360240916736,0.33290756879472466,0.2290183932252404,3.0003952191734555,0.4761560693641618,0.24108286080117067,0.32009714632665454,0.6418371709440076,0.781023896124213,both_classes,4,1.5569990171048682
strict_covered_predicted,logistic_regression,3,logistic_regression_3d,0.3327946006945454,25569,0.21381360240916736,0.5714965591098409,0.13189504934065935,0.42487289925591065,0.6378066378066378,0.4042436436802634,0.4948499776085983,0.780479514235948,0.8235363135046345,both_classes,4,2.672872785783706
strict_covered_predicted,xgboost,3,xgboost_3d,0.3532690703868866,25569,0.21381360240916736,0.627493964585029,0.1208012799411845,0.3946706793885129,0.6431801951916211,0.4942381562099872,0.5589573851882499,0.799719013968945,0.8332355586843443,both_classes,4,2.934771022585441
strict_covered_predicted,historical_frequency,7,historical_frequency_7d,0.5,25569,0.21381360240916736,0.5193285540187074,0.13935051496898226,0.9743389471422614,0.575940548072457,0.45363087616608744,0.5075207203519901,0.7750632647832982,0.8117642457663578,both_classes,4,2.4288845432054744
strict_covered_predicted,logistic_regression,7,logistic_regression_7d,0.3458729111465327,25569,0.21381360240916736,0.6447802801313985,0.1191592952341588,0.3897488336571551,0.7120622568093385,0.4686299615877081,0.5652509652509653,0.8240476314531029,0.8458680433337245,both_classes,4,3.0156186176476547
strict_covered_predicted,xgboost,7,xgboost_7d,0.3169858753681183,25569,0.21381360240916736,0.6913660477643164,0.10910678787461896,0.3609950714488096,0.6802989412497406,0.599414669837205,0.6373006612213147,0.8414944720283969,0.8541202237083969,both_classes,4,3.2334988979853314
