window_days,model,dimension,group,rows,positive_rate,threshold,pr_auc_average_precision,brier_score,log_loss,precision,recall,f1,roc_auc,accuracy
1,historical_frequency,contact_frequency_1d_bins,1,9088,0.12389964788732394,0.20487590760283117,0.12092927878071863,0.7834925818500603,27.698543958027308,0.12389964788732394,1.0,0.2204816917955747,0.4859193513773015,0.12389964788732394
1,logistic_regression,contact_frequency_1d_bins,1,9088,0.12389964788732394,0.34925852636036164,0.40469585747437536,0.09067837274140629,0.3231431446074489,0.5952023988005997,0.35257548845470693,0.44283324037925265,0.6980896826533494,0.890074823943662
1,xgboost,contact_frequency_1d_bins,1,9088,0.12389964788732394,0.3174563944339752,0.4767166110236921,0.08168147743155138,0.30007985071533144,0.7716049382716049,0.3330373001776199,0.4652605459057072,0.699184135299868,0.905149647887324
1,historical_frequency,contact_frequency_1d_bins,2-5,5741,0.1637345410207281,0.20487590760283117,0.1612664987820471,0.7396432352521282,25.953879437213867,0.1637345410207281,1.0,0.28139500074839097,0.49082305548046284,0.1637345410207281
1,logistic_regression,contact_frequency_1d_bins,2-5,5741,0.1637345410207281,0.34925852636036164,0.43935001924200695,0.1140756341727649,0.38605589239492877,0.6961451247165533,0.32659574468085106,0.444605358435916,0.7111408527478761,0.8663995819543634
1,xgboost,contact_frequency_1d_bins,2-5,5741,0.1637345410207281,0.3174563944339752,0.5323284546915236,0.10362340598618971,0.35932788934601056,0.7716346153846154,0.3414893617021277,0.47345132743362833,0.709197995098539,0.8756314230970215
1,historical_frequency,contact_frequency_1d_bins,>5,10740,0.31666666666666665,0.20487590760283117,0.3104927938828068,0.6336355025457908,21.714647523879098,0.31666666666666665,1.0,0.4810126582278481,0.4853988425212097,0.31666666666666665
1,logistic_regression,contact_frequency_1d_bins,>5,10740,0.31666666666666665,0.34925852636036164,0.5502993225052205,0.19467535091038096,0.5795455397650731,0.5733573357335734,0.3745957071449574,0.4531388938289169,0.7027441853924403,0.7136871508379888
1,xgboost,contact_frequency_1d_bins,>5,10740,0.31666666666666665,0.3174563944339752,0.6077373509504055,0.18028650226515572,0.5422618984890859,0.5560718711276332,0.5277859453102028,0.5415598129431287,0.7296652447748371,0.7170391061452513
1,historical_frequency,historical_1d_scan_quality,0.5-0.75,6437,0.20956967531458753,0.20487590760283117,0.20956967531458753,0.7904303246854124,28.489996651208333,0.20956967531458753,1.0,0.3465193937837144,0.5,0.20956967531458753
1,logistic_regression,historical_1d_scan_quality,0.5-0.75,6437,0.20956967531458753,0.34925852636036164,0.5316206303981105,0.13483845381096687,0.4318758767661266,0.6395348837209303,0.3669384729429207,0.46632124352331605,0.7641352084702855,0.8239863290352649
1,xgboost,historical_1d_scan_quality,0.5-0.75,6437,0.20956967531458753,0.3174563944339752,0.6055138206426309,0.12324277305502174,0.4007131141191806,0.6206554121151936,0.4633061527057079,0.530560271646859,0.7844739843396693,0.8281808295789964
1,historical_frequency,historical_1d_scan_quality,>=0.75,15728,0.2086088504577823,0.20487590760283117,0.2086088504577823,0.7913911495422177,28.52462828931467,0.2086088504577823,1.0,0.3452049029407123,0.5,0.2086088504577823
1,logistic_regression,historical_1d_scan_quality,>=0.75,15728,0.2086088504577823,0.34925852636036164,0.4970074477489839,0.13775190644186217,0.44004988134931683,0.5661904761904762,0.3623895153916489,0.4419252926965248,0.7468631826741788,0.8090666327568667
1,xgboost,historical_1d_scan_quality,>=0.75,15728,0.2086088504577823,0.3174563944339752,0.5737197416362704,0.12681298507210642,0.4129634980526446,0.5813323005422153,0.4574824748552271,0.5120245608050487,0.7634839136408349,0.8180951169888098
1,historical_frequency,historical_1d_scan_quality,below0.5,3404,0.24588719153936545,0.20487590760283117,0.24588719153936545,0.18710860598637188,0.5627031633047352,0.24588719153936545,1.0,0.39471822683329405,0.5,0.24588719153936545
1,logistic_regression,historical_1d_scan_quality,below0.5,3404,0.24588719153936545,0.34925852636036164,0.5420086393772463,0.15725306237909306,0.4924504467987821,0.6447368421052632,0.35125448028673834,0.4547563805104408,0.7449081462678356,0.7928907168037603
1,xgboost,historical_1d_scan_quality,below0.5,3404,0.24588719153936545,0.3174563944339752,0.6232286191198547,0.14267682597625198,0.45224432222444244,0.6746765249537893,0.43608124253285546,0.5297532656023222,0.7742626638350277,0.8096357226792009
1,historical_frequency,prediction_study_day,24,7482,0.19713980219192728,0.20487590760283117,0.19440435242318277,0.7350922867696104,25.856470832590734,0.19713980219192728,1.0,0.3293513453165122,0.4912191708543422,0.19713980219192728
1,logistic_regression,prediction_study_day,24,7482,0.19713980219192728,0.34925852636036164,0.5145220540750076,0.13089214737401608,0.42081309931497246,0.6475037821482602,0.2901694915254237,0.40074906367041196,0.7635735709468896,0.8289227479283614
1,xgboost,prediction_study_day,24,7482,0.19713980219192728,0.3174563944339752,0.5732728349613498,0.12278452541863376,0.3999091007804327,0.6354733405875952,0.3959322033898305,0.4878863826232247,0.7793198895074391,0.8361400695001336
1,historical_frequency,prediction_study_day,25,5199,0.27024427774572035,0.20487590760283117,0.2594172360680344,0.6832165574433009,23.583575013054514,0.27024427774572035,1.0,0.4254996971532405,0.47116734232924434,0.27024427774572035
1,logistic_regression,prediction_study_day,25,5199,0.27024427774572035,0.34925852636036164,0.6632120113033965,0.14405222951841146,0.44781492967601333,0.6904083570750238,0.5174377224199288,0.5915378356387306,0.8297349063983777,0.80688593960377
1,xgboost,prediction_study_day,25,5199,0.27024427774572035,0.3174563944339752,0.739750893342537,0.12515818777969617,0.39995668390557826,0.6982968369829684,0.6128113879003558,0.6527672479150872,0.8533959782912522,0.8238122715906905
1,historical_frequency,prediction_study_day,26,5977,0.22737159109921365,0.20487590760283117,0.22869670988778912,0.6762333836715957,23.481133427621543,0.22737159109921365,1.0,0.37050163576881134,0.5037457802609426,0.22737159109921365
1,logistic_regression,prediction_study_day,26,5977,0.22737159109921365,0.34925852636036164,0.4503517023483101,0.15620972749527273,0.48660838340730017,0.5104602510460251,0.35908756438557765,0.4215982721382289,0.7106387935235032,0.7759745691818638
1,xgboost,prediction_study_day,26,5977,0.22737159109921365,0.3174563944339752,0.5572498238717225,0.14159256207877616,0.4498405949032734,0.5321489001692047,0.4628403237674761,0.4950806768988587,0.7376579504138236,0.7853438179688808
1,historical_frequency,prediction_study_day,27,6911,0.17768774417595137,0.20487590760283117,0.17239070452425248,0.7347804064266439,25.687317028917697,0.17768774417595137,1.0,0.30175697260105666,0.48119548788575106,0.17768774417595137
1,logistic_regression,prediction_study_day,27,6911,0.17768774417595137,0.34925852636036164,0.40107563529364765,0.13136715480818698,0.4329647138508199,0.5075757575757576,0.2728013029315961,0.3548728813559322,0.6803504480188642,0.82375922442483
1,xgboost,prediction_study_day,27,6911,0.17768774417595137,0.3174563944339752,0.4595441344135317,0.12412535002151978,0.41292547509882765,0.5238693467336684,0.33957654723127034,0.41205533596837945,0.6973864419914013,0.8278107365070178
7,historical_frequency,contact_frequency_1d_bins,1,9088,0.12389964788732394,0.5,0.26349006046407475,0.1141357248151886,0.823963370123075,0.35240963855421686,0.20781527531083482,0.26145251396648045,0.690325895249326,0.8545334507042254
7,logistic_regression,contact_frequency_1d_bins,1,9088,0.12389964788732394,0.3458729111465327,0.47181876895250735,0.08619135037006521,0.30675327776803607,0.7063655030800822,0.30550621669627,0.4265344079355239,0.7503515812007568,0.8982174295774648
7,xgboost,contact_frequency_1d_bins,1,9088,0.12389964788732394,0.3169858753681183,0.5605726008706137,0.0761805431791269,0.27796667113741064,0.7244582043343654,0.41563055062166965,0.5282167042889391,0.778567701466513,0.9080105633802817
7,historical_frequency,contact_frequency_1d_bins,2-5,5741,0.1637345410207281,0.5,0.36991702251933695,0.13074413606362426,0.8891467798773582,0.4299363057324841,0.2872340425531915,0.34438775510204084,0.7129155273502418,0.8209371189688207
7,logistic_regression,contact_frequency_1d_bins,2-5,5741,0.1637345410207281,0.3458729111465327,0.5431835697303093,0.10379738653432882,0.35378376096934033,0.693609022556391,0.3925531914893617,0.501358695652174,0.7829255429941457,0.8721477094582826
7,xgboost,contact_frequency_1d_bins,2-5,5741,0.1637345410207281,0.3169858753681183,0.6195095414349517,0.09449162743218417,0.32795171658533423,0.6993569131832797,0.4627659574468085,0.5569782330345711,0.7970212322787362,0.8794635080996343
7,historical_frequency,contact_frequency_1d_bins,>5,10740,0.31666666666666665,0.5,0.637524702733278,0.16528731517506576,1.1471230696951642,0.6556071665560717,0.5810055865921788,0.6160561184723304,0.7970228212496834,0.7706703910614525
7,logistic_regression,contact_frequency_1d_bins,>5,10740,0.31666666666666665,0.3458729111465327,0.7160157827351066,0.1552678055479955,0.4792031254840694,0.7169445521519969,0.5436636283446046,0.6183946488294314,0.8299443360017826,0.7875232774674116
7,xgboost,contact_frequency_1d_bins,>5,10740,0.31666666666666665,0.3169858753681183,0.7394445479492511,0.14478084261322696,0.4489153696146573,0.6689208227669766,0.698029991179065,0.6831654676258992,0.8455547307226994,0.7949720670391062
7,historical_frequency,historical_1d_scan_quality,0.5-0.75,6437,0.20956967531458753,0.5,0.5137508965581249,0.1439950460014154,0.7840700125123445,0.5024390243902439,0.5344699777613047,0.5179597701149425,0.7815511489992587,0.7915177877893429
7,logistic_regression,historical_1d_scan_quality,0.5-0.75,6437,0.20956967531458753,0.3458729111465327,0.6542000149910993,0.11386815646434133,0.37405107992614633,0.6973415132924335,0.5055596738324685,0.5861624409110443,0.8332607778414945,0.8503961472735746
7,xgboost,historical_1d_scan_quality,0.5-0.75,6437,0.20956967531458753,0.3169858753681183,0.7024177643618095,0.10438288844637424,0.347311135806954,0.6749003984063745,0.6278724981467754,0.6505376344086021,0.8467926684569514,0.8586297964890477
7,historical_frequency,historical_1d_scan_quality,>=0.75,15728,0.2086088504577823,0.5,0.5327288543745677,0.13268607606233407,0.5656701795049714,0.6057166876839007,0.43919536726607744,0.5091872791519435,0.7965322005229022,0.8233723296032553
7,logistic_regression,historical_1d_scan_quality,>=0.75,15728,0.2086088504577823,0.3458729111465327,0.6463688275616217,0.11637091042308614,0.3815642294958249,0.7152682255845942,0.4754647973178909,0.5712193335774441,0.8253580980369872,0.8510935910478128
7,xgboost,historical_1d_scan_quality,>=0.75,15728,0.2086088504577823,0.3169858753681183,0.6854601726693283,0.10739264808233119,0.35752814915186215,0.6773519163763067,0.5925022858884487,0.6320923427085027,0.8398270905763264,0.8561164801627671
7,historical_frequency,historical_1d_scan_quality,below0.5,3404,0.24588719153936545,0.5,0.5111067722194886,0.16136034131093005,3.2223717055476877,0.6463414634146342,0.37992831541218636,0.4785553047404063,0.7452283579053877,0.7964159811985899
7,logistic_regression,historical_1d_scan_quality,below0.5,3404,0.24588719153936545,0.3458729111465327,0.6422514655366741,0.1420484775402298,0.457249977903896,0.7289293849658315,0.3823178016726404,0.5015673981191222,0.8159755820009411,0.8131609870740305
7,xgboost,historical_1d_scan_quality,below0.5,3404,0.24588719153936545,0.3169858753681183,0.6996640584460224,0.12595982291360644,0.4028902675748415,0.7023121387283237,0.5806451612903226,0.6357096141268803,0.8391653274094181,0.8363689776733255
7,historical_frequency,prediction_study_day,24,7482,0.19713980219192728,0.5,0.540624919601677,0.12727460220769848,0.8675063198026579,0.5897887323943662,0.4542372881355932,0.513213328226733,0.7907972337357828,0.8301256348569901
7,logistic_regression,prediction_study_day,24,7482,0.19713980219192728,0.3458729111465327,0.664399119116125,0.10982420805724659,0.3615745490964714,0.7729528535980149,0.4223728813559322,0.5462516440157825,0.8402355444072311,0.8616680032076984
7,xgboost,prediction_study_day,24,7482,0.19713980219192728,0.3169858753681183,0.7020943605288225,0.10192655113636051,0.3401012341511523,0.7455035971223022,0.5620338983050848,0.6408967916505605,0.8525438965274975,0.875835338144881
7,historical_frequency,prediction_study_day,25,5199,0.27024427774572035,0.5,0.6209331867545778,0.1495984834599135,0.97050212176091,0.675365344467641,0.4604982206405694,0.5476089716462125,0.7898238837497679,0.7943835352952491
7,logistic_regression,prediction_study_day,25,5199,0.27024427774572035,0.3458729111465327,0.7573425613860251,0.1255067091883637,0.3987548382339583,0.7859237536656891,0.5722419928825623,0.6622734761120264,0.8750964718594821,0.8422773610309675
7,xgboost,prediction_study_day,25,5199,0.27024427774572035,0.3169858753681183,0.815393742117597,0.1033956742102309,0.3402297391338353,0.7725903614457831,0.7302491103202847,0.7508232711306256,0.9012769741322222,0.8690132717830352
7,historical_frequency,prediction_study_day,26,5977,0.22737159109921365,0.5,0.5206870456168713,0.14460982064973818,1.0288619200473725,0.5967894239848914,0.4650478292862399,0.522746071133168,0.7916814455129828,0.8069265517818304
7,logistic_regression,prediction_study_day,26,5977,0.22737159109921365,0.3458729111465327,0.6403671175843975,0.1285247044172099,0.4128220609609801,0.6866666666666666,0.45474613686534215,0.547144754316069,0.8190090859231767,0.8288439016228878
7,xgboost,prediction_study_day,26,5977,0.22737159109921365,0.3169858753681183,0.6816965300302783,0.1194537074391864,0.3855916638274764,0.6518456375838926,0.5717439293598234,0.6091728733829871,0.8363230421573962,0.8331939099882885
7,historical_frequency,prediction_study_day,27,6911,0.17768774417595137,0.5,0.4166645093062982,0.14016630444108408,1.0457302890404978,0.4605377276669558,0.43241042345276876,0.4460310793784124,0.7221217660993615,0.8091448415569382
7,logistic_regression,prediction_study_day,27,6911,0.17768774417595137,0.3458729111465327,0.5116176302098849,0.11639093557892066,0.3935209505278358,0.5949367088607594,0.4210097719869707,0.49308536003814973,0.7508567468780826,0.8461872377369412
7,xgboost,prediction_study_day,27,6911,0.17768774417595137,0.3169858753681183,0.55031282982701,0.1122280544032521,0.3779640803794031,0.5443037974683544,0.5252442996742671,0.534604227103191,0.7649405536026357,0.837505426132253
3,historical_frequency,contact_frequency_1d_bins,1,9088,0.12389964788732394,1.0,0.1641996243085634,0.2062173205174829,2.3930667827625083,0.24253731343283583,0.11545293072824156,0.15643802647412755,0.5734094185391266,0.8457306338028169
3,logistic_regression,contact_frequency_1d_bins,1,9088,0.12389964788732394,0.3327946006945454,0.4295016176001954,0.08972046272929095,0.3215484063559547,0.6345177664974619,0.3330373001776199,0.43680838672102507,0.7051595656633664,0.8935959507042254
3,xgboost,contact_frequency_1d_bins,1,9088,0.12389964788732394,0.3532690703868866,0.505815662005853,0.08054008359849524,0.2952634977008531,0.75,0.3543516873889876,0.4813027744270205,0.7191580634122205,0.9053697183098591
3,historical_frequency,contact_frequency_1d_bins,2-5,5741,0.1637345410207281,1.0,0.24060132206013862,0.21432637898466814,2.578650807461744,0.3448275862068966,0.14893617021276595,0.20802377414561665,0.6107475392981072,0.8143180630552168
3,logistic_regression,contact_frequency_1d_bins,2-5,5741,0.1637345410207281,0.3327946006945454,0.49257870032064993,0.11001222682757318,0.3746227738189869,0.647834274952919,0.3659574468085106,0.4677090414683889,0.740875349550404,0.8636126110433723
3,xgboost,contact_frequency_1d_bins,2-5,5741,0.1637345410207281,0.3532690703868866,0.5780566856222613,0.09910579674576406,0.34517507876882114,0.7079303675048356,0.3893617021276596,0.5024021962937543,0.7486278346266513,0.8737153805957151
3,historical_frequency,contact_frequency_1d_bins,>5,10740,0.31666666666666665,1.0,0.4488980553731048,0.2561657863838274,3.7397467552758403,0.5739320920043811,0.30814466333431345,0.400994834513105,0.6497207585323025,0.7084729981378026
3,logistic_regression,contact_frequency_1d_bins,>5,10740,0.31666666666666665,0.3327946006945454,0.6289163986095231,0.179279772541008,0.5391651675620724,0.6363636363636364,0.4384004704498677,0.5191504178272981,0.7640965789219276,0.7428305400372439
3,xgboost,contact_frequency_1d_bins,>5,10740,0.31666666666666665,0.3532690703868866,0.6575652639769509,0.16646678472584636,0.5052448609839602,0.6145304568527918,0.5695383710673332,0.5911796123912711,0.7855632780192291,0.7505586592178771
3,historical_frequency,historical_1d_scan_quality,0.5-0.75,6437,0.20956967531458753,1.0,0.32697241199042315,0.2599209431584762,3.7790724009689933,0.4243614931237721,0.3202372127501853,0.3650190114068441,0.6639404450536386,0.7665061363989436
3,logistic_regression,historical_1d_scan_quality,0.5-0.75,6437,0.20956967531458753,0.3327946006945454,0.6031734183535598,0.12412150146253047,0.4029483250833371,0.6485310119695321,0.44180874722016306,0.5255731922398589,0.7981931642819513,0.8328413857386981
3,xgboost,historical_1d_scan_quality,0.5-0.75,6437,0.20956967531458753,0.3532690703868866,0.6519276272785555,0.11451072552402629,0.37744762613086474,0.6522539098436062,0.5255744996293551,0.5821018062397373,0.8101259930486593,0.8418517943141215
3,historical_frequency,historical_1d_scan_quality,>=0.75,15728,0.2086088504577823,1.0,0.33937087778961716,0.2205867808296598,2.1632368183549295,0.5017397355601948,0.21975007619628162,0.3056379821958457,0.6624799053503466,0.7917090539165819
3,logistic_regression,historical_1d_scan_quality,>=0.75,15728,0.2086088504577823,0.3327946006945454,0.5604995237088544,0.1300574843030087,0.4194633352021383,0.619514472455649,0.4044498628466931,0.4893970127235847,0.7786437965428156,0.8239445574771109
3,xgboost,historical_1d_scan_quality,>=0.75,15728,0.2086088504577823,0.3532690703868866,0.6132474429107966,0.11977480109051471,0.3923898358939109,0.6293542074363992,0.49009448338921063,0.5510623714873201,0.7959449743229489,0.8334181078331638
3,historical_frequency,historical_1d_scan_quality,below0.5,3404,0.24588719153936545,1.0,0.3692594150878568,0.2095391587474061,5.395954064313255,0.5271565495207667,0.1971326164874552,0.28695652173913044,0.6589741405831482,0.7591069330199764
3,logistic_regression,historical_1d_scan_quality,below0.5,3404,0.24588719153936545,0.3327946006945454,0.5859763453456553,0.15508528159791113,0.49132710236595345,0.7103960396039604,0.3428912783751493,0.46253021756647866,0.7806303608105636,0.8040540540540541
3,xgboost,historical_1d_scan_quality,below0.5,3404,0.24588719153936545,0.3532690703868866,0.6503117829047174,0.13743957551891117,0.4377781706642422,0.6887298747763864,0.45997610513739545,0.5515759312320917,0.7980630453895342,0.8160987074030552
3,historical_frequency,prediction_study_day,24,7482,0.19713980219192728,1.0,0.25635862237391915,0.19666098847198896,1.7782828234192567,0.49640287769784175,0.0935593220338983,0.15744438106103822,0.5522525979577498,0.8025928896017108
3,logistic_regression,prediction_study_day,24,7482,0.19713980219192728,0.3327946006945454,0.5175539937427049,0.12981342052686434,0.41861670229532333,0.6439716312056738,0.3077966101694915,0.41651376146788993,0.7583251178709585,0.8299919807538091
3,xgboost,prediction_study_day,24,7482,0.19713980219192728,0.3532690703868866,0.5899807869131645,0.12009561220046701,0.3915630559099635,0.6973039215686274,0.3857627118644068,0.49672632038411174,0.7913153862866205,0.8458968190323443
3,historical_frequency,prediction_study_day,25,5199,0.27024427774572035,1.0,0.4335050121702822,0.21586632607027584,2.1281375577208865,0.6143958868894601,0.1701067615658363,0.26644370122630995,0.6604001073055976,0.7468743989228698
3,logistic_regression,prediction_study_day,25,5199,0.27024427774572035,0.3327946006945454,0.700257813201404,0.14123764671024203,0.4382050800763203,0.7217217217217218,0.5131672597864768,0.5998336106489185,0.8448152824182029,0.8149644162338912
3,xgboost,prediction_study_day,25,5199,0.27024427774572035,0.3532690703868866,0.7577033014508168,0.11819110120921669,0.38129218234992235,0.7222672064777328,0.6348754448398577,0.6757575757575758,0.8679075596043201,0.8353529524908636
3,historical_frequency,prediction_study_day,26,5977,0.22737159109921365,1.0,0.37941669829068125,0.2541714409811754,4.30802895711549,0.4676524953789279,0.3723325974981604,0.414584186808685,0.7067985242505332,0.7609168479170152
3,logistic_regression,prediction_study_day,26,5977,0.22737159109921365,0.3327946006945454,0.5808550020105548,0.1385887218326239,0.4421753358704899,0.6117021276595744,0.42310522442972776,0.5002174858634189,0.776648211831299,0.8077630918520997
3,xgboost,prediction_study_day,26,5977,0.22737159109921365,0.3532690703868866,0.6222110237313224,0.12966425998116432,0.4175825532292077,0.606140350877193,0.5084621044885945,0.5530212084833933,0.7882800004206594,0.8131169483018237
3,historical_frequency,prediction_study_day,27,6911,0.17768774417595137,1.0,0.30328489769966893,0.25218955992546666,3.8487508370645367,0.4268891069676153,0.3542345276872964,0.3871829105473965,0.6589763400873856,0.8007524236724063
3,logistic_regression,prediction_study_day,27,6911,0.17768774417595137,0.3327946006945454,0.4793259542544143,0.12133138309494704,0.4066524093019911,0.5602923264311814,0.3745928338762215,0.44899951195705223,0.7331995075317492,0.8366372449717842
3,xgboost,prediction_study_day,27,6911,0.17768774417595137,0.3532690703868866,0.5213856900768835,0.11586365782638042,0.38828401682510777,0.5445544554455446,0.44788273615635177,0.4915102770330652,0.7432001179585266,0.8353349732310809
