test_start_study_day,window_days,model,rows,positive_rate,threshold,pr_auc_average_precision,brier_score,log_loss,precision,recall,f1,roc_auc,accuracy,ap_over_prevalence,distinct_prediction_days
16,1,historical_frequency,7326,0.2583947583947584,0.24911190053285967,0.2527403936401908,0.7074490684901916,24.906601827696885,0.2583947583947584,1.0,0.4106736088512854,0.4848786091219854,0.2583947583947584,0.9781173395710712,2
16,1,logistic_regression,7326,0.2583947583947584,0.2472353798908066,0.651577079846333,0.14295000210921993,0.4539418446102052,0.5525684109457513,0.6080295826730058,0.5789738430583501,0.7812560618139486,0.7714987714987716,2.5216342773133835,2
16,1,xgboost,7326,0.2583947583947584,0.29598158597946167,0.6576270219390448,0.1430026969676031,0.4528860467159935,0.5739957716701902,0.5736925515055468,0.5738441215323646,0.7791069892477823,0.7798252798252798,2.545047840848094,2
16,3,historical_frequency,7326,0.2583947583947584,0.6666666666666666,0.32298012345613064,0.2490912315781822,3.420943429538578,0.4535830618892508,0.2942419440042261,0.3569368792053829,0.5830979587189437,0.726044226044226,1.2499484334070856,2
16,3,logistic_regression,7326,0.2583947583947584,0.16399396535547708,0.5999932339267006,0.15193890253151404,0.47679633374055647,0.3824607329842932,0.7717908082408875,0.5114650796429197,0.7583057850476277,0.619028119028119,2.3220023411236177,2
16,3,xgboost,7326,0.2583947583947584,0.30972370505332947,0.6644103463016915,0.1393021412932045,0.4452539012355743,0.5828511309836928,0.5853143159006867,0.5840801265155509,0.7841488141232352,0.7846027846027847,2.571299628635072,2
16,7,historical_frequency,7326,0.2583947583947584,0.4,0.5670515708733395,0.15527496075820502,1.2860908382626635,0.5420918367346939,0.6735340729001584,0.6007067137809188,0.7966438686553743,0.7686322686322686,2.194516538942464,2
16,7,logistic_regression,7326,0.2583947583947584,0.25531797319937916,0.7088116919029472,0.12697338091532126,0.4127761982499795,0.6379398266190719,0.6608557844690967,0.6491956408925791,0.8399709314903572,0.8154518154518154,2.7431349471109305,2
16,7,xgboost,7326,0.2583947583947584,0.2955351769924164,0.7421466272653503,0.11794671463383956,0.3869365295669681,0.6515679442508711,0.6914949815108293,0.6709379805228088,0.8466396925365318,0.8247338247338247,2.8721427318256505,2
19,1,historical_frequency,13325,0.19392120075046904,0.24481247583451476,0.19248940083139401,0.7264222980599502,25.496834431463043,0.19392120075046904,1.0,0.32484757055754604,0.4953807896768927,0.19392120075046904,0.9926165890395996,2
19,1,logistic_regression,13325,0.19392120075046904,0.27065085077548395,0.4811552369179613,0.1320270851900767,0.42870665649321954,0.4282560706401766,0.5255417956656346,0.47193744569939183,0.7261086969492494,0.7719324577861163,2.4811894473420413,2
19,1,xgboost,13325,0.19392120075046904,0.33091217279434204,0.5159256071755317,0.12911814619724354,0.4202141067129189,0.4830645161290323,0.46362229102167185,0.4731437598736177,0.7290909799059937,0.7997748592870544,2.6604909890146904,2
19,3,historical_frequency,13325,0.19392120075046904,0.0,0.35194899523154166,0.24419530123549768,3.745214371244237,0.19392120075046904,1.0,0.32484757055754604,0.691634860692644,0.19392120075046904,1.8149072606270482,2
19,3,logistic_regression,13325,0.19392120075046904,0.31618967790946145,0.5663626794745653,0.11961938763298818,0.39589366605681575,0.5231447465099192,0.5510835913312694,0.5367508480964945,0.7751992956591492,0.8155347091932458,2.920581541795117,2
19,3,xgboost,13325,0.19392120075046904,0.2659086585044861,0.5686537440566357,0.12396749684061266,0.4038870500955333,0.42601462062011597,0.6540247678018576,0.5159517630896047,0.7736960031049107,0.7620262664165103,2.932395951840043,2
19,7,historical_frequency,13325,0.19392120075046904,0.4,0.4623902184435301,0.14060199115803593,1.0646425431698985,0.4643635231870526,0.5773993808049536,0.5147490081076419,0.7656830486348568,0.7888930581613508,2.3844232433281887,2
19,7,logistic_regression,13325,0.19392120075046904,0.3545185332191995,0.5949127250380284,0.11444174937334815,0.3776248725654305,0.5738086013173189,0.5731424148606811,0.5734753146176186,0.8115763560996996,0.8346716697936211,3.067806525205777,2
19,7,xgboost,13325,0.19392120075046904,0.42356061935424805,0.6028445193632727,0.12120934354396513,0.39290768468674764,0.532480995162405,0.5963622291021672,0.5626140927345746,0.8048616301414994,0.820187617260788,3.108708676670127,2
22,1,historical_frequency,1608,0.34701492537313433,0.2048615310194703,0.34896470621751474,0.6046882186152402,20.921421747913055,0.34701492537313433,1.0,0.5152354570637119,0.5042754736303123,0.34701492537313433,1.0056187232934832,2
22,1,logistic_regression,1608,0.34701492537313433,0.27324398628289737,0.6703764715296916,0.19947920540934294,0.5898974781355578,0.37384615384615383,0.8709677419354839,0.5231431646932185,0.7318074756784434,0.4490049751243781,1.9318375738705091,2
22,1,xgboost,1608,0.34701492537313433,0.22397516667842865,0.8177549080135718,0.13424639859112966,0.424471590823713,0.5270988310308182,0.8888888888888888,0.6617745163442295,0.8554804574159414,0.6847014925373134,2.356541025243411,2
22,3,historical_frequency,1608,0.34701492537313433,0.6666666666666666,0.5321045935259484,0.2545926180169589,3.9896800428933172,0.5570987654320988,0.6469534050179212,0.5986733001658375,0.6976079535756954,0.6990049751243781,1.5333766781177869,2
22,3,logistic_regression,1608,0.34701492537313433,0.27982467978986053,0.7171032843849707,0.17087647804154915,0.5236547851953379,0.47058823529411764,0.8745519713261649,0.6119122257053291,0.804458098651647,0.6150497512437811,2.066491185109378,2
22,3,xgboost,1608,0.34701492537313433,0.2924751341342926,0.835532459126498,0.1257435944201887,0.3983135602215134,0.6605633802816901,0.8405017921146953,0.7397476340694006,0.8791619730329407,0.7947761194029851,2.4077709574828114,2
22,7,historical_frequency,1608,0.34701492537313433,0.42857142857142855,0.7440557586226679,0.157019809544905,0.8473935535706796,0.6176470588235294,0.7526881720430108,0.678513731825525,0.823226659839563,0.7524875621890548,2.1441606807620968,2
22,7,logistic_regression,1608,0.34701492537313433,0.2696524699035985,0.7757306071500365,0.14905270612865748,0.4639373662893004,0.5473441108545035,0.8494623655913979,0.6657303370786517,0.8384246458440007,0.7039800995024875,2.235438738883976,2
22,7,xgboost,1608,0.34701492537313433,0.27720069885253906,0.8626091698337632,0.11402595920598227,0.36379174964160377,0.7039274924471299,0.8351254480286738,0.7639344262295082,0.9005939580133128,0.8208955223880597,2.4857984679080487,2
