operation,dataset,input_rows,input_inventory_bytes,source_hash,before_median_seconds,after_median_seconds,before_seconds_range,after_seconds_range,before_peak_rss_mb,after_peak_rss_mb,before_peak_rss_range,after_peak_rss_range,speedup_ratio,duration_reduction_pct,memory_reduction_pct,before_parquet_reads,after_parquet_reads,after_private_payload_reads,before_repeated_scans,after_repeated_scans,before_processed_rows,after_processed_rows,after_cache,cache_mode,repeat_count,parity_status,regression_exception
network:highschool2013,highschool2013,188508,483174,7de8faf7504a67aa0bc9aed3c6e175fd3f900277c76dcd29a1dbdd39ac99d860,0.08588320901617408,0.08942508418112993,"[0.08443637518212199, 0.08884895825758576]","[0.08780320780351758, 0.11079629184678197]",299.015625,323.078125,"[294.875, 299.859375]","[322.8125, 323.265625]",0.9603928226918769,-4.124060110852201,-8.047238334117157,1,1,0,0,0,188508,188508,"{""corrupt"": 0, ""hits"": 0, ""misses"": 0}",cold,5,passed,none
network:reality_mining_mendeley,reality_mining_mendeley,1086403,1825181,9d2aeecfbedb6eae8ed681f59114f1ca75ba45319ccf908b13be3b07278d53e6,0.08807975007221103,0.08091808343306184,"[0.08066524984315038, 0.09233620762825012]","[0.080572625156492, 0.08276520809158683]",439.6875,318.359375,"[437.359375, 445.25]","[317.8125, 319.34375]",1.088505144156974,8.13088891973216,27.59417199715707,1,1,0,0,0,1086403,1086403,"{""corrupt"": 0, ""hits"": 0, ""misses"": 0}",cold,5,passed,none
network:workplace2015,workplace2015,78249,328625,b72ea37357fff12b3540679a23dc5980553977564fd4dd53f28c2a69ae726106,0.04143270803615451,0.04067158419638872,"[0.04077387508004904, 0.045695374719798565]","[0.0380980409681797, 0.042492750100791454]",274.96875,287.984375,"[274.8125, 275.265625]","[287.875, 288.171875]",1.018713897056249,1.8370120512075205,-4.733492442322995,1,1,0,0,0,78249,78249,"{""corrupt"": 0, ""hits"": 0, ""misses"": 0}",cold,5,passed,none
network:workplace2013,workplace2013,9827,64059,70319afaba2682d1568ee20255040ee5c0c2a898a5663d580e99f183bf06d821,0.00919458270072937,0.008962541818618774,"[0.008924541994929314, 0.011444542091339827]","[0.008813083171844482, 0.010855124797672033]",258.515625,259.75,"[258.1875, 258.90625]","[259.640625, 259.875]",1.0258900752494737,2.5236695308878843,-0.47748564521004067,1,1,0,0,0,9827,9827,"{""corrupt"": 0, ""hits"": 0, ""misses"": 0}",cold,5,passed,none
retrieval:workplace2013,workplace2013,9827,64059,70319afaba2682d1568ee20255040ee5c0c2a898a5663d580e99f183bf06d821,0.014815832953900099,0.021062707994133234,"[0.014383083209395409, 0.021137916948646307]","[0.020403666887432337, 0.032337999902665615]",260.78125,261.671875,"[260.578125, 261.3125]","[261.515625, 261.78125]",0.7034153897982572,-42.16350886022049,-0.3415218693828548,3,1,3,2,0,6435,4483,"{""corrupt"": 0, ""hits"": 0, ""misses"": 1, ""payload_reads"": 3}",cold,5,passed,Additional exact-hash/pinned-copy/cache verification and model object isolation overhead; explicit security tradeoff
retrieval:workplace2015,workplace2015,78249,328625,b72ea37357fff12b3540679a23dc5980553977564fd4dd53f28c2a69ae726106,0.03718162514269352,0.04981779120862484,"[0.03648604080080986, 0.03755791625007987]","[0.04905741708353162, 0.05077229207381606]",270.09375,277.265625,"[269.625, 271.1875]","[277.0, 277.34375]",0.7463523420174508,-33.98497515220748,-2.655328011107261,3,1,3,2,0,53107,38603,"{""corrupt"": 0, ""hits"": 0, ""misses"": 1, ""payload_reads"": 3}",cold,5,passed,Additional exact-hash/pinned-copy/cache verification and model object isolation overhead; explicit security tradeoff
candidates,copenhagen,6313604,8721825,7c4c3c61b43179d407c149e7f7126133ccbcca97bba18cbf889277303155d21b;984a51e94b3a5d34514d93f5e06b8c3fe54cb75acd92c49e71f71e6212ccc12c,0.009567457716912031,0.026206667069345713,"[0.00906512513756752, 0.011471457779407501]","[0.025508416816592216, 0.028702291660010815]",268.015625,267.8125,"[267.4375, 268.859375]","[267.65625, 267.9375]",0.3650772412835058,-173.91463693663556,0.07578849180901459,1,1,1,0,0,124239,124239,"{""corrupt"": 0, ""hits"": 0, ""misses"": 1, ""payload_reads"": 1}",cold,5,passed,Additional exact-hash/pinned-copy/cache verification and model object isolation overhead; explicit security tradeoff
features,copenhagen,6313604,8721825,7c4c3c61b43179d407c149e7f7126133ccbcca97bba18cbf889277303155d21b;984a51e94b3a5d34514d93f5e06b8c3fe54cb75acd92c49e71f71e6212ccc12c,0.7681087497621775,0.8392522078938782,"[0.7519850837998092, 0.7935160002671182]","[0.8352833748795092, 0.8522487077862024]",398.15625,427.625,"[396.359375, 401.578125]","[421.796875, 437.796875]",0.9152299422479485,-9.262159577498409,-7.401302880464633,7,3,4,5,1,2579036,1711671,"{""corrupt"": 0, ""hits"": 0, ""misses"": 2, ""payload_reads"": 4}",cold,5,passed,none
predict_models,copenhagen,6313604,8721825,7c4c3c61b43179d407c149e7f7126133ccbcca97bba18cbf889277303155d21b;984a51e94b3a5d34514d93f5e06b8c3fe54cb75acd92c49e71f71e6212ccc12c,0.8262395830824971,0.8841021251864731,"[0.8169222907163203, 0.912543791346252]","[0.8771294169127941, 0.8975465833209455]",406.515625,433.765625,"[403.171875, 407.84375]","[428.140625, 438.734375]",0.9345521965669161,-7.003119105974687,-6.703309374639654,9,3,4,7,1,2827514,1711671,"{""corrupt"": 0, ""hits"": 0, ""misses"": 2, ""model_misses"": 3, ""payload_reads"": 4}",cold,5,passed,none
model_load,copenhagen,6313604,8721825,7c4c3c61b43179d407c149e7f7126133ccbcca97bba18cbf889277303155d21b;984a51e94b3a5d34514d93f5e06b8c3fe54cb75acd92c49e71f71e6212ccc12c,0.01904704188928008,0.02796175004914403,"[0.01882462529465556, 0.02018762519583106]","[0.027374207973480225, 0.03735825000330806]",257.84375,260.265625,"[257.53125, 258.34375]","[260.0625, 262.4375]",0.681182038170145,-46.80363602749915,-0.9392800872621399,0,0,0,0,0,0,0,"{""corrupt"": 0, ""hits"": 0, ""misses"": 0, ""model_misses"": 3}",cold,5,passed,Additional exact-hash/pinned-copy/cache verification and model object isolation overhead; explicit security tradeoff
page_prepare,copenhagen,6313604,8721825,7c4c3c61b43179d407c149e7f7126133ccbcca97bba18cbf889277303155d21b;984a51e94b3a5d34514d93f5e06b8c3fe54cb75acd92c49e71f71e6212ccc12c,0.021182165946811438,0.03987637488171458,"[0.02073912462219596, 0.027614499907940626]","[0.037973458878695965, 0.041576792020350695]",268.40625,268.046875,"[267.890625, 268.625]","[267.96875, 268.3125]",0.5311958775000025,-88.25447304040782,0.13389218768191657,1,1,1,0,0,124239,124239,"{""corrupt"": 0, ""hits"": 0, ""misses"": 1, ""payload_reads"": 1}",cold,5,passed,Additional exact-hash/pinned-copy/cache verification and model object isolation overhead; explicit security tradeoff
public_reports,aggregate_reports,117,52756,3014004fbd785c575e288e345d696d393c0e2cd37d939375c8e9a8adf985605f,0.0020084590651094913,0.0031613330356776714,"[0.001975125167518854, 0.007468957919627428]","[0.003071459010243416, 0.004651790950447321]",251.84375,252.046875,"[251.625, 252.140625]","[251.96875, 252.171875]",0.6353203039486008,-57.400919470834765,-0.08065516813500206,0,0,0,0,0,0,0,"{""corrupt"": 0, ""hits"": 0, ""misses"": 0, ""public_misses"": 1}",cold,5,passed,Additional exact-hash/pinned-copy/cache verification and model object isolation overhead; explicit security tradeoff
network:highschool2013,highschool2013,188508,483174,7de8faf7504a67aa0bc9aed3c6e175fd3f900277c76dcd29a1dbdd39ac99d860,0.08295350009575486,0.08176279114559293,"[0.08191020786762238, 0.08386033400893211]","[0.08113937499001622, 0.0823970828205347]",305.578125,328.71875,"[300.46875, 307.515625]","[328.4375, 329.375]",1.0145629684784325,1.435393261028739,-7.572736104719535,1,1,0,0,0,188508,188508,"{""corrupt"": 0, ""hits"": 0, ""misses"": 0}",warm,5,passed,none
network:reality_mining_mendeley,reality_mining_mendeley,1086403,1825181,9d2aeecfbedb6eae8ed681f59114f1ca75ba45319ccf908b13be3b07278d53e6,0.07123087532818317,0.07342587504535913,"[0.06831754185259342, 0.07476083328947425]","[0.07289029192179441, 0.07398512493818998]",477.359375,323.1875,"[473.796875, 480.9375]","[322.9375, 323.53125]",0.9701059099967145,-3.081528490367269,32.296815161533175,1,1,0,0,0,1086403,1086403,"{""corrupt"": 0, ""hits"": 0, ""misses"": 0}",warm,5,passed,none
network:workplace2015,workplace2015,78249,328625,b72ea37357fff12b3540679a23dc5980553977564fd4dd53f28c2a69ae726106,0.040576332714408636,0.034179165959358215,"[0.03837870806455612, 0.04687391687184572]","[0.03375825006514788, 0.034901749808341265]",280.46875,291.125,"[280.125, 285.9375]","[289.40625, 291.171875]",1.1871656775550687,15.765758823193964,-3.799442896935923,1,1,0,0,0,78249,78249,"{""corrupt"": 0, ""hits"": 0, ""misses"": 0}",warm,5,passed,none
network:workplace2013,workplace2013,9827,64059,70319afaba2682d1568ee20255040ee5c0c2a898a5663d580e99f183bf06d821,0.007843750063329935,0.006551292259246111,"[0.007624083198606968, 0.008039874956011772]","[0.006432542111724615, 0.006770916283130646]",259.375,260.9375,"[259.34375, 259.4375]","[260.0, 261.0625]",1.197282879917275,16.477549560460268,-0.6024096385542244,1,1,0,0,0,9827,9827,"{""corrupt"": 0, ""hits"": 0, ""misses"": 0}",warm,5,passed,none
retrieval:workplace2013,workplace2013,9827,64059,70319afaba2682d1568ee20255040ee5c0c2a898a5663d580e99f183bf06d821,0.012798666954040527,0.0038224589079618454,"[0.012774375267326832, 0.013674499932676554]","[0.0037470832467079163, 0.00451345881447196]",262.078125,261.90625,"[261.78125, 262.296875]","[261.734375, 262.109375]",3.348281109675772,70.13392940305319,0.06558158945925152,3,0,3,2,0,6435,0,"{""corrupt"": 0, ""hits"": 1, ""misses"": 0, ""payload_reads"": 3}",warm,5,passed,none
retrieval:workplace2015,workplace2015,78249,328625,b72ea37357fff12b3540679a23dc5980553977564fd4dd53f28c2a69ae726106,0.03435529209673405,0.005068125203251839,"[0.033058291766792536, 0.03637966699898243]","[0.004793582949787378, 0.006006000097841024]",273.984375,277.515625,"[273.34375, 274.546875]","[277.453125, 277.765625]",6.778698378384735,85.24790536205735,-1.2888508696891954,3,0,3,2,0,53107,0,"{""corrupt"": 0, ""hits"": 1, ""misses"": 0, ""payload_reads"": 3}",warm,5,passed,none
candidates,copenhagen,6313604,8721825,7c4c3c61b43179d407c149e7f7126133ccbcca97bba18cbf889277303155d21b;984a51e94b3a5d34514d93f5e06b8c3fe54cb75acd92c49e71f71e6212ccc12c,0.007871792186051607,0.009950040839612484,"[0.007719083223491907, 0.008553290739655495]","[0.009878166019916534, 0.01006250036880374]",270.5625,267.9375,"[270.046875, 271.03125]","[267.765625, 268.0]",0.7911316458835945,-26.401213401484625,0.970200970200974,1,0,1,0,0,124239,0,"{""corrupt"": 0, ""hits"": 1, ""misses"": 0, ""payload_reads"": 1}",warm,5,passed,Additional exact-hash/pinned-copy/cache verification and model object isolation overhead; explicit security tradeoff
features,copenhagen,6313604,8721825,7c4c3c61b43179d407c149e7f7126133ccbcca97bba18cbf889277303155d21b;984a51e94b3a5d34514d93f5e06b8c3fe54cb75acd92c49e71f71e6212ccc12c,0.7675038329325616,0.015925750136375427,"[0.7533852499909699, 0.7697301250882447]","[0.015380458906292915, 0.019192541018128395]",410.03125,435.265625,"[410.0, 412.015625]","[431.359375, 442.28125]",48.19263308542899,97.92499405826749,-6.154256535325042,7,0,3,5,0,2579036,0,"{""corrupt"": 0, ""hits"": 1, ""misses"": 0, ""payload_reads"": 3}",warm,5,passed,none
predict_models,copenhagen,6313604,8721825,7c4c3c61b43179d407c149e7f7126133ccbcca97bba18cbf889277303155d21b;984a51e94b3a5d34514d93f5e06b8c3fe54cb75acd92c49e71f71e6212ccc12c,0.7826522919349372,0.039107915945351124,"[0.7719117500819266, 0.7926847906783223]","[0.03905591694638133, 0.039653375279158354]",418.625,424.53125,"[414.609375, 420.53125]","[423.734375, 441.859375]",20.012631024077198,95.00315576299339,-1.4108689160943655,9,0,3,7,0,2827514,0,"{""corrupt"": 0, ""hits"": 1, ""misses"": 0, ""model_hits"": 3, ""model_misses"": 0, ""payload_reads"": 3}",warm,5,passed,none
model_load,copenhagen,6313604,8721825,7c4c3c61b43179d407c149e7f7126133ccbcca97bba18cbf889277303155d21b;984a51e94b3a5d34514d93f5e06b8c3fe54cb75acd92c49e71f71e6212ccc12c,0.009807916358113289,0.011404416989535093,"[0.00946029182523489, 0.010204541962593794]","[0.011290040798485279, 0.011524416040629148]",257.921875,260.3125,"[257.84375, 258.046875]","[260.171875, 260.375]",0.8600103246937758,-16.2776738007268,-0.9268795056642576,0,0,0,0,0,0,0,"{""corrupt"": 0, ""hits"": 0, ""misses"": 0, ""model_hits"": 3, ""model_misses"": 0}",warm,5,passed,Additional exact-hash/pinned-copy/cache verification and model object isolation overhead; explicit security tradeoff
page_prepare,copenhagen,6313604,8721825,7c4c3c61b43179d407c149e7f7126133ccbcca97bba18cbf889277303155d21b;984a51e94b3a5d34514d93f5e06b8c3fe54cb75acd92c49e71f71e6212ccc12c,0.02126970887184143,0.02328041708096862,"[0.020487708039581776, 0.022832791320979595]","[0.02285895776003599, 0.02398066595196724]",270.546875,268.234375,"[270.171875, 271.203125]","[268.125, 268.296875]",0.9136309198355853,-9.453388484264247,0.8547502165752285,1,0,1,0,0,124239,0,"{""corrupt"": 0, ""hits"": 1, ""misses"": 0, ""payload_reads"": 1}",warm,5,passed,none
public_reports,aggregate_reports,117,52756,3014004fbd785c575e288e345d696d393c0e2cd37d939375c8e9a8adf985605f,0.0011742920614778996,0.0008356249891221523,"[0.0011699162423610687, 0.001211749855428934]","[0.0008296249434351921, 0.0009081251919269562]",251.828125,252.171875,"[251.765625, 251.90625]","[252.078125, 252.25]",1.4052859557389812,28.84010575099345,-0.13650183036544306,0,0,0,0,0,0,0,"{""corrupt"": 0, ""hits"": 0, ""misses"": 0, ""public_hits"": 1, ""public_misses"": 0}",warm,5,passed,none
